1,Vemuri P.
2,Senjem M.L.
3,Gunter J.L.
4,Lundt E.S.
5,Tosakulwong N.
6,Weigand S.D.
7,Borowski B.J.
8,Bernstein M.A.
9,Zuk S.M.
10,Lowe V.J.
11,Knopman D.S.
12,Petersen R.C.
13,Fox N.C.
14,Thompson P.M.
15,Weiner M.W.
16,Jack Jr. C.R.
17,Ge T.
18,Nichols T.E.
19,Ghosh D.
20,Mormino E.C.
21,Smoller J.W.
22,Sabuncu M.R.
23,Wachinger C.
24,Golland P.
25,Kremen W.
26,Fischl B.
27,Reuter M.
28,Mattsson N.
29,Insel P.S.
30,Donohue M.C.
31,Landau S.M.
32,Jagust W.J.
33,Shaw L.M.
34,Trojanowski J.Q.
35,Zetterberg H.
36,Blennow K.
37,Leung K.K.
38,Malone I.M.
39,Ourselin S.
40,Wang H.-F.
41,Tan L.
42,Hao X.-K.
43,Jiang T.
44,Tan M.-S.
45,Liu Y.
46,Zhang D.-Q.
47,Yu J.-T.
48,Khondoker M.
49,Newhouse S.
50,Westman E.
51,Muehlboeck J.S.
52,Mecocci P.
53,Vellas B.
54,Tsolaki M.
55,Kloszewska I.
56,Soininen H.
57,Lovestone S.
58,Dobson R.
59,Simmons A.
60,Moon S.W.
61,Dinov I.D.
62,Hobel S.
63,Zamanyan A.
64,Choi Y.C.
65,Shi R.
66,Toga A.W.
67,Genco A.
68,Madsen S.K.
69,Rajagopalan P.
70,Joshi S.H.
71,Chow N.
72,Hwang K.S.
73,Hurtz S.
74,Green A.E.
75,Somme J.H.
76,Elashoff D.A.
77,Apostolova L.G.
78,Shi J.
79,Stonnington C.M.
80,Chen K.
81,Gutman B.A.
82,Reschke C.
83,Baxter L.C.
84,Reiman E.M.
85,Caselli R.J.
86,Wang Y.
87,Hua W.-Y.
88,Nir T.M.
89,Jahanshad N.
90,Prasad G.
91,Louwersheimer E.
92,Ramirez A.
93,Cruchaga C.
94,Becker J.T.
95,Kornhuber J.
96,Peters O.
97,Heilmann S.
98,Wiltfang J.
99,Jessen F.
100,Visser P.J.
101,Scheltens P.
102,Pijnenburg Y.A.L.
103,Teunissen C.E.
104,Barkhof F.
105,Van Swieten J.C.
106,Holstege H.
107,Van der Flier W.M.
108,Ching C.R.K.
109,Hua X.
110,Hibar D.P.
111,Ward C.P.
112,Gifford K.A.
113,Liu D.
114,Damon S.M.
115,Chapman W.G.
116,Romano R.R.
117,Samuels L.R.
118,Lu Z.
119,Jefferson A.L.
120,Nho K.
121,Ramanan V.K.
122,Horgusluoglu E.
123,Kim S.
124,Inlow M.H.
125,Risacher S.L.
126,McDonald B.C.
127,Farlow M.R.
128,Foroud T.M.
129,Gao S.
130,Callahan C.M.
131,Hendrie H.C.
132,Niculescu A.B.
133,Saykin A.J.
134,Avila D.
135,Kohannim O.
136,Teng E.
137,Sokolow S.
138,Roussotte F.F.
139,Narr K.L.
140,Roontiva A.
141,Thiyyagura P.
142,Lee W.
143,Liu X.
144,Ayutyanont N.
145,Protas H.
146,Luo Ji.L.
147,Bauer R.J.
148,Bandy D.
149,Koeppe R.A.
150,Fleisher A.S.
151,Stein J.L.
152,McMahon K.L.
153,De Zubicaray G.I.
154,Martin N.G.
155,Wright M.J.
156,Yanovsky I.
157,Villalon-Reina J.E.
158,Hall A.
159,Munoz-Ruiz M.A.
160,Mattila J.
161,Koikkalainen J.R.
162,Lotjonen J.
163,Zhan L.
164,Zhou J.
165,Jin Y.
166,Leonardo C.D.
167,Ye J.
168,Ferreira D.
169,Cavallin L.
170,Larsson E.-M.
171,Wahlund L.-O.
172,Shen L.
173,Corneveaux J.J.
174,Swaminathan S.
175,Lin H.
176,Siniard A.L.
177,Reiman R.A.
178,Aisen P.S.
179,Green R.C.
180,Baldwin C.T.
181,Lunetta K.L.
182,Farrer L.A.
183,Furney S.J.
184,Ghetti B.F.
185,Huentelman M.J.
186,Sun Y.
187,Bresell A.
188,Rantalainen M.
189,Hoglund K.
190,Lebouvier T.
191,Salter H.
192,Yan J.
193,Chen R.
194,Moore J.H.
195,Nosheny R.L.
196,Truran D.
197,Schuff N.
198,Yang Y.-F.
199,Zhu X.-C.
200,Cao L.
201,Xiang S.
202,Yuan L.
203,Fan W.
204,Khan W.
205,Jones N.
206,Spenger C.
207,Kim J.H.
208,Song P.
209,Lim H.
210,Lee J.H.
211,Park S.A.
212,Du L.
213,Huang H.
214,Xu Z.
215,Shen X.
216,Pan W.
217,Zhang Y.
218,Leduc V.
219,De Beaumont L.
220,Theroux L.
221,Dea D.
222,Dufour R.
223,Poirier J.
224,Guillaume B.
225,Waldorp L.
226,Toledo J.B.
227,Korff A.
228,Zhang J.
229,Daiello L.A.
230,Gongvatana A.
231,Dunsiger S.
232,Cohen R.A.
233,Ott B.R.
234,Colby J.B.
235,Manning E.N.
236,Barnes J.
237,Cash D.M.
238,Bartlett J.W.
239,Betensky R.A.
240,Hedden T.
241,Schultz A.P.
242,Ward A.
243,Huijbers W.
244,Rentz D.M.
245,Johnson K.A.
246,Sperling R.A.
247,Harari O.
248,Kauwe J.S.K.
249,Ainscough B.J.
250,Bales K.
251,Pickering E.H.
252,Bertelsen S.
253,Fagan A.M.
254,Holtzman D.M.
255,Morris J.C.
256,Goate A.M.
257,Perez-Palma E.
258,Bustos B.I.
259,Villaman C.F.
260,Alarcon M.A.
261,Avila M.E.
262,Ugarte G.D.
263,Reyes A.E.
264,Opazo C.
265,De Ferrari G.V.
266,Lim J.-S.
267,Park Y.H.
268,Jang J.-W.
269,Park S.Y.
270,Braskie M.N.
271,Hakonarson H.
272,Hohman T.J.
273,Koran M.E.I.
274,Thornton-Wells T.A.
275,Pereira J.B.
276,Spulber G.
277,Aguilar C.
278,Aarsland D.
279,Tosun D.
280,Mukherjee S.
281,Gibbons L.E.
282,Glymour M.M.
283,Ertekin-Taner N.N.
284,Montine T.J.
285,Crane P.K.
286,Dubey R.
287,Sparling J.
288,Dobromyslin V.
289,Salat D.H.
290,Epstein N.U.
291,Guo R.
292,Singh J.P.
293,Fisher J.M.
294,Runtti H.
295,Van Gils M.
296,Johnston J.M.
297,Hu W.T.
298,Fardo D.W.
299,Greco S.J.
300,Perry G.
301,Ashford J.W.
302,Tezapsidis N.
303,Lepore N.
304,Gomar J.J.
305,Conejero-Goldberg C.
306,Davies P.
307,Goldberg T.E.
308,Gylys K.H.
309,Cole G.M.
310,Soares H.D.
311,Trzepacz P.T.
312,Yu P.
313,Sun J.
314,Schuh K.
315,Case M.
316,Witte M.M.
317,Hochstetler H.
318,Hake A.M.
319,Nudelman K.N.
320,West J.D.
321,Shpanskaya K.S.
322,Choudhury K.R.
323,Hostage C.A.
324,Murphy K.R.
325,Petrella J.R.
326,Doraiswamy P.M.
327,Veitch D.P.
328,Hayes J.
329,Neylan T.
330,Grafman J.
331,Harvey D.J.
332,Friedl K.E.
333,Pacifico A.
334,Sheline Y.
335,Yaffe K.
336,Mohlenoff B.
337,Peterson D.
338,Munger C.
339,Crowley J.
340,Corcoran C.D.
341,Norton M.C.
342,Munger R.G.
343,Breitner J.C.S.
344,Welsh-Bohmer K.A.
345,Lyketsos C.G.
346,Tschanz J.T.
347,Zhang Z.
348,Shen D.
349,Young A.L.
350,Oxtoby N.P.
351,Daga P.
352,Schott J.M.
353,Alexander D.C.
354,Potkin S.G.
355,Bertram L.
356,Hu X.
357,Li Q.
358,Liu E.
359,Macciardi F.
360,Munsie L.M.
361,Stone D.J.
362,Sharp A.R.
363,Ridge P.G.
364,Bailey M.H.
365,Boehme K.L.
366,Perry R.
367,Wadsworth M.E.
368,Hoyt K.L.
369,Staley L.A.
370,Karch C.M.
371,Burnham S.C.
372,Faux N.G.
373,Wilson W.
374,Laws S.M.
375,Ames D.
376,Bedo J.
377,Bush A.I.
378,Doecke J.D.
379,Ellis K.A.
380,Head R.
381,Jones G.
382,Kiiveri H.
383,Martins R.N.
384,Rembach A.
385,Rowe C.C.
386,Salvado O.
387,Macaulay S.L.
388,Masters C.L.
389,Villemagne V.L.
390,Willette A.A.
391,Calhoun V.D.
392,Egan J.M.
393,Kapogiannis D.
394,Kennedy R.E.
395,Cutter G.R.
396,Schneider L.S.
397,Herukka S.-K.
398,Vanninen R.
399,Lautner R.
400,Palmqvist S.
401,Andreasson U.
402,Wallin A.
403,Palsson E.
404,Jakobsson J.
405,Owenius R.
406,Olsson B.
407,Hampel H.
408,Rujescu D.
409,Ewers M.
410,Landen M.
411,Minthon L.
412,Hansson O.
413,Zhu H.
414,Khondker Z.
415,Ibrahim J.G.
416,Yu J.
417,Yoder K.K.
418,Mathis C.A.
419,Sherva R.
420,Tripodis Y.
421,Bennett D.A.
422,Chibnik L.B.
423,De Jager P.L.
424,Shulman J.M.
425,Naj A.C.
426,Meda S.A.
427,Carbonell F.
428,Charil A.
429,Zijdenbos A.P.
430,Evans A.C.
431,Bedell B.J.
432,Anderson C.D.
433,Kodukula K.
434,Grothe M.J.
435,Krause B.
436,Heinsen H.
437,Teipel S.J.
438,Altmann A.
439,Tian L.
440,Henderson V.W.
441,Greicius M.D.
442,Alexopoulos P.
443,Kriett L.
444,Haller B.
445,Klupp E.
446,Gray K.R.
447,Grimmer T.
448,Laskaris N.
449,Forster S.
450,Perneczky R.
451,Kurz A.
452,Drzezga A.
453,Fellgiebel A.
454,Yakushev I.
455,Sowell E.R.
456,Barysheva M.
457,Hansell N.K.
458,Montgomery G.W.
459,Da X.
460,Wolk D.A.
461,Xie S.X.
462,Arnold S.E.
463,Davatzikos C.
464,Luis E.O.
465,Ortega-Cubero S.
466,Lamet I.
467,Razquin C.
468,Benitez B.A.
469,Lorenzo E.
470,Irigoyen J.
471,Pastor M.A.
472,Pastor P.
473,Haghighi M.
474,Smith A.G.
475,Morgan D.
476,Small B.
477,Huang S.
478,Lebedev A.V.
479,Van Westen G.J.P.
480,Kramberger M.G.
481,Lundervold A.
482,Salmon D.P.
483,Raman R.
484,Thomas R.G.
485,Iturria-Medina Y.
486,Sotero R.C.
487,Toussaint P.J.
488,Chang Y.-L.
489,Fennema-Notestine C.
490,Holland D.
491,McEvoy L.K.
492,Stricker N.H.
493,Dale A.M.
494,Bondi M.W.
495,Biffi A.
496,Desikan R.S.
497,Schmansky N.J.
498,Rosand J.
499,Proitsi P.
500,Lupton M.K.
501,Velayudhan L.
502,Hunter G.
503,Lin K.
504,Fogh I.
505,Daniilidou M.
506,Pritchard M.
507,Craig D.W.
508,Todd S.
509,Johnston J.A.
510,McGuinness B.
511,Passmore P.A.
512,Sims R.
513,Williams J.
514,Brayne C.
515,Stewart R.
516,Sham P.
517,Powell J.F.
518,Koop A.
519,Maxwell T.J.
520,Swerdlow R.H.
521,Honea R.A.
522,Lane K.A.
523,Peters K.R.
524,Lynn Beattie B.
525,Feldman H.H.
526,Illes J.
527,Goh W.
528,Wong L.
529,Montana G.
530,Li J.
531,Wu T.
532,Kantarci K.
533,Senjem M.S.
534,Bhamidipati P.K.
535,Willis B.A.
536,Forrester T.
537,Tabas L.
538,Schwarz A.J.
539,Lo R.Y.
540,Perea R.D.
541,Burns J.M.
542,Weinberger D.R.
543,Beckett L.A.
544,Cairns N.J.
545,Schmidt M.E.
546,Siuciak J.A.
547,Guo L.-H.
548,Wagenpfeil S.
549,Arbizu J.
550,Prieto E.
551,Martinez-Lage P.
552,Marti-Climent J.M.
553,Garcia-Granero M.
554,Riverol M.
555,Gomez-Isla M.T.
556,Penuelas I.
557,Richter J.A.
558,Mackin R.S.
559,Mueller S.
560,Truran-Sacrey D.
561,Raptentsetsang S.T.
562,Lee J.-Y.
563,Sair H.I.
564,Wong T.Z.
565,Shokouhi S.
566,Claassen D.
567,Kang H.
568,Ding Z.
569,Rogers B.
570,Mishra A.
571,Riddle W.R.
572,Bryant C.
573,Giovanello K.S.
574,Chang J.
575,Peterson B.S.
576,Liu Cha.
577,Ginghina C.
578,Shi M.
579,Guffanti G.
580,Torri F.
581,Rasmussen J.M.
582,Clark A.P.
583,Lakatos A.
584,Turner J.A.
585,Fallon J.H.
586,Vawter M.P.
587,Knowles J.A.
588,Boeve B.F.
589,Geda Y.E.
590,Ivnik R.J.
591,Mielke M.M.
592,Pankratz V.S.
593,Roberts R.O.
594,Rocca W.A.
595,Wiste H.J.
596,Cai Y.
597,Jin S.C.
598,Cooper B.
599,Carrell D.
600,Schneider J.A.
601,Grill J.D.
602,Wang D.
603,Nie F.
604,Batmanghelich N.K.
605,Dalca A.V.
606,Bradshaw E.M.
607,Keenan B.T.
608,Ottoboni L.
609,Raj T.
610,Tang A.
611,Rosenkrantz L.L.
612,Imboywa S.
613,Lee M.
614,Von Korff A.
615, 
616,Morris M.C.
617,Evans D.A.
618,Young J.
619,Modat M.
620,Cardoso M.J.
621,Mendelson A.F.
622,Martinez-Torteya A.
623,Trevino-Alvarado V.
624,Tamez-Pena J.G.
625,Peller P.J.
626,Quintero C.M.
627,Jordan L.
628,Eisele T.
629,Pryweller J.R.
630,Vega J.N.
631,Tatsuoka C.
632,Tseng H.
633,Jaeger J.
634,Varadi F.
635,Smith M.A.
636,Yamada T.
637,Smyth K.A.
638,Lerner A.J.
639,Lampert E.J.
640,Roy Choudhury K.
641,Chou Y.-Y.
642,Thambisetty M.
643,An Y.
644,Nalls M.A.
645,Sojkova J.
646,Zhou Y.
647,Singleton A.B.
648,Wong D.F.
649,Ferrucci L.
650,Resnick S.M.
651,Bhatt P.
652,Boyle C.P.
653,Leow A.D.
654,Shaffer J.L.
655,Sheldon F.C.
656,Edward Coleman R.
657,Murali Doraiswamy P.
658,Aljabar P.
659,Heckemann R.A.
660,Hammers A.
661,Rueckert D.
662,Escudero J.
663,Ifeachor E.
664,Zajicek J.P.
665,Shearer J.
666,Pearson S.
667,Di L.
668,Lu P.H.
669,Lee C.
670,Ringman J.M.
671,Cummings J.L.
672,Samtani M.N.
673,Raghavan N.
674,Shi Y.
675,Novak G.P.
676,Farnum M.
677,Lobanov V.
678,Schultz T.
679,Yang E.
680,DiBernardo A.
681,Narayan V.A.
682,Song X.
683,Mitnitski A.
684,Zhang N.
685,Chen W.
686,Rockwood K.
687,Ryles A.B.
688,Medland S.E.
689,Edmonds E.C.
690,Delano-Wood L.
691,Clark L.R.
692,Jak A.J.
693,Nation D.A.
694,McDonald C.R.
695,Libon D.J.
696,Au R.
697,Galasko D.R.
698,Huang Y.
699,Ito K.
700,Billing C.B.
701,Anziano R.J.
702,Mungas D.
703,Manly J.J.
704,Jones R.N.
705,Reitz C.
706,Tosto G.
707,Mayeux R.P.
708,Luchsinger J.A.
709,Myers A.J.
710,Faber K.M.
711,Turk M.
712,Hardy J.
713,Hutmacher M.M.
714,Corrigan B.W.
715,Singh N.
716,Wang A.Y.
717,Sankaranarayanan P.
718,Fletcher P.T.
719,Bis J.C.
720,Kuller L.H.
721,Lopez O.L.
722,Trittschuh E.
723,Silver M.
724,Janousova E.
725,Feng J.
726,Filipovych R.
727,Gaonkar B.
728,Dean R.A.
729,Hall S.D.
730,Qi Y.
731,Sethuraman G.
732,Siemers E.R.
733,Martenyi F.
734,Tauscher J.T.
735,Smith C.D.
736,Andersen A.H.
737,Gold B.T.
738,Potter W.Z.
739,Kuhn M.
740,Immermann F.W.
741,Shera D.M.
742,Ferm M.
743,Simon A.J.
744,Swenson F.
745,Kaplow J.
746,Zagouras P.
747,Koroshetz W.J.
748,Wan H.I.
749,Lam C.-P.
750,Mondal A.
751,Brown B.
752,De Ruyck K.
753,Fowler C.
754,Gupta V.B.
755,Pertile K.
756,Rodrigues M.
757,Rumble R.
758,Szoeke C.
759,Taddei K.
760,Taddei T.
761,Trounson B.
762,Kiddle S.J.
763,Riddoch-Contreras J.
764,Hye A.
765,Pike I.
766,Ward M.
767,Johnston C.
768,Lunnon K.
769,Vidoni E.D.
770,Perrin R.J.
771,Grossman M.
772,Xiong C.
773,Craig-Schapiro R.
774,Clark C.M.
775,Chen Y.
776,Van Deerlin V.M.
777,McCluskey L.
778,Elman L.
779,Karlawish J.H.
780,Chen-Plotkin A.
781,Hurtig H.I.
782,Siderowf A.
783,Lee V.M.Y.
784,Holohan K.N.
785,Valant V.
786,Devan W.J.
787,Ayres A.M.
788,Schwab K.
789,Goldstein J.N.
790,Viswanathan A.
791,Greenberg S.M.
792,Bonner-Jackson A.
793,Okonkwo O.C.
794,Tremont G.
795,Melville S.A.
796,Buros J.
797,Parrado A.R.
798,Vardarajan B.N.
799,Logue M.W.
800,Jun G.
801,DeCarli C.S.
802,Lesnick T.G.
803,Verbeeck R.
804,Habeck C.G.
805,Lee G.J.
806,Carmichael O.T.
807,Xie J.
808,Fletcher E.
809,Singh B.
810,Wang H.
811,Andrawis J.P.
812,Kotlerman J.
813,Morra J.H.
814,Wilson R.S.
815,Yu L.
816,Leurgans S.E.
817,Tran D.
818,Aubin C.
819,Daly M.J.
820,Wolz R.
821,Hajnal J.V.
822,Narayanan B.
823,Liu J.
824,Perrone-Bizzozero N.I.
825,Stevens M.C.
826,Glahn D.C.
827,Pearlson G.D.
828,Johnstone D.
829,Milward E.A.
830,Berretta R.
831,Moscato P.
832,Murphy E.A.
833,Roddey J.C.
834,Hagler D.J.
835,Brewer J.B.
836,Vounou M.
837,Greene S.J.
838,Killiany R.J.
839,O'Bryant S.E.
840,Xiao G.
841,Barber R.C.
842,Huebinger R.M.
843,Wilhelmsen K.
844,Edwards M.
845,Graff-Radford N.R.
846,Doody R.
847,Diaz-Arrastia R.
848,Wan J.
849,Fang S.
850,Beg M.F.
851,Wang L.
852,David R.
853,Friedman L.
854,Mulin E.
855,Noda A.
856,Le Duff F.
857,Kennedy Q.
858,Garcia R.
859,Robert P.H.
860,Yesavage J.A.
861,Zeitzer J.M.
862,Breen G.
863,Pedroso I.
864,Hodges A.
865,Lathrop M.
866,Hubbard A.E.
867,Pankratz N.
868,Bakken T.E.
869,Schork N.J.
870,Khamis M.
871,Antunez C.
872,Boada M.
873,Lopez-Arrieta J.
874,Moreno-Rey C.
875,Hernandez I.
876,Marin J.
877,Gayan J.
878,Gonzalez-Perez A.
879,Real L.M.
880,Alegret M.
881,Tarraga L.
882,Ramirez-Lorca R.
883,Ruiz A.
884,Bossa M.
885,Zacur E.
886,Olmos S.
887,Spiegel R.
888,Berres M.
889,Miserez A.R.
890,Monsch A.U.
891,Liu Y.C.
892,Fournier H.
893,Katz E.
894,DeChairo B.M.
895,John S.
896,Van Eerdewegh P.
897,Zhao Q.
898,French J.
899,Miller R.
900,Nicholas T.
901,Fullerton T.
902,Dickerson B.C.
903,Chiang G.C.
904,Sloan C.D.
905,Lee S.
906,Ho A.J.
907,Gerber J.D.
908,Allen A.N.
909,Han M.
910,Schellenberg G.D.
911,Wang L.-S.
912,Mayo K.
913,Latu W.
914,Nowotny P.
915,Hinrichs A.L.
916,Alosco M.L.
917,Jerskey B.A.
918,Sweet L.H.
919,Xu C.
920,Wang Z.
921,Fan M.
922,Liu B.
923,Song M.
924,Zhen X.
925,Derbeneva O.
926,Younes D.
927,Keator D.B.
928,Lvova M.
929,Brandon M.
930,Reglodi D.
931,Wallace D.C.
932,De Meyer G.
933,Shapiro F.
934,Vanderstichele H.
935,Vanmechelen E.
936,Engelborghs S.
937,De Deyn P.P.
938,Coart E.
939,Babakchanian S.
940,Madison C.M.
941,Foster N.L.
942,Johanson C.E.
943,Stopa E.G.
944,Donahue J.E.
945,Silverberg G.D.
946,Cortellini L.
947,Stephan D.A.
948,Raji C.A.
949,Crawford K.L.
950,Korecka M.
951,Lewczuk P.
952,Tu Z.
953,Avedissian C.
954,Parikshak N.
955,Joyner A.H.
956,Bloss C.S.
957,Rimol L.M.
958,Melle I.
959,Agartz I.
960,Djurovic S.
961,Topol E.J.
962,Andreassen O.A.
963,Kruggel F.
964,Orro A.
965,Lupoli S.
966,Salvi E.
967,Firpi H.A.
968,Langbaum J.B.S.
969,Alexander G.E.
970,Knapik-Czajka M.
971,Woerner N.
972,Boreta L.
973,Kornfield T.
974,Chiang M.-C.
975,Nestor S.M.
976,Rupsingh R.
977,Borrie M.J.
978,Smith M.
979,Accomazzi V.
980,Wells J.L.
981,Fogarty J.
982,Bartha R.
983,Kratzer M.
984,Westerteicher C.
985,An H.
986,Son S.J.
987,Cho S.
988,Cho E.Y.
989,Choi B.
990,Kim S.Y.
991,Araujo G.S.
992,Souza M.R.B.
993,Oliveira J.R.M.
994,Costa I.G.
995,Ayton S.
996,Jr
997,Morris J.
998,Khachaturian Z.
999,Sorensen G.
1000,Raichle M.
1001,Paul S.
1002,Fillit H.
1003,Hefti F.
1004,Mesulam M.M.
1005,Snyder P.
1006,Schwartz A.
1007,Walter S.
1008,Gessert D.
1009,Sather T.
1010,Jiminez G.
1011,Senjem M.
1012,Jones D.
1013,Ward C.
1014,Householder E.
1015,Taylor-Reinwald L.
1016,Lee V.
1017,Figurski M.J.
1018,Neu S.
1019,Thal L.
1020,Buckholtz N.
1021,Albert M.S.
1022,Frank R.
1023,Hsiao J.
1024,Kaye J.A.
1025,Quinn J.F.
1026,Lind B.
1027,Carter R.
1028,Dolen S.
1029,Pawluczyk S.
1030,Beccera M.
1031,Teodoro L.
1032,Spann B.M.
1033,Vanderswag H.
1034,Heidebrink J.L.
1035,Lord J.L.
1036,Mason S.S.
1037,Albers C.S.
1038,Doody R.S.
1039,Villanueva-Meyer J.
1040,Chowdhury M.
1041,Rountree S.
1042,Dang M.
1043,Stern Y.
1044,Honig L.S.
1045,Bell K.L.
1046,Ances B.
1047,Carroll M.
1048,Leon S.
1049,Mintun M.A.
1050,Schneider S.
1051,Oliver A.
1052,Marson D.C.
1053,Griffith R.
1054,Clark D.G.
1055,Geldmacher D.
1056,Brockington J.
1057,Roberson E.D.
1058,Grossman H.
1059,Mitsis E.
1060,De Toledo-Morrell L.
1061,Shah R.C.
1062,Duara R.
1063,Varon D.
1064,Greig M.T.
1065,Roberts P.
1066,Onyike C.
1067,D'Agostino D.
1068,II
1069,Kielb S.
1070,Galvin J.E.
1071,Cerbone B.
1072,Michel C.A.
1073,Rusinek H.
1074,De Leon M.J.
1075,Glodzik L.
1076,De Santi S.
1077,Jicha G.
1078,Hardy P.
1079,Sinha P.
1080,Oates E.
1081,Conrad G.
1082,Oakley M.A.
1083,Simpson D.M.
1084,Porsteinsson A.P.
1085,Goldstein B.S.
1086,Martin K.
1087,Makino K.M.
1088,Ismail M.S.
1089,Brand C.
1090,Mulnard R.A.
1091,Thai G.
1092,Mc-Adams-Ortiz C.
1093,Womack K.
1094,Mathews D.
1095,Quiceno M.
1096,King R.
1097,Martin-Cook K.
1098,DeVous M.
1099,Levey A.I.
1100,Lah J.J.
1101,Cellar J.S.
1102,Anderson H.S.
1103,Tingus K.
1104,Woo E.
1105,Silverman D.H.S.
1106,Bartzokis G.
1107,Parfitt F.
1108,Kendall T.
1109,Johnson H.
1110,Matthews B.R.
1111,Herring S.
1112,Hunt C.
1113,Van Dyck C.H.
1114,Carson R.E.
1115,MacAvoy M.G.
1116,Chertkow H.
1117,Bergman H.
1118,Hosein C.
1119,Black S.
1120,Stefanovic B.
1121,Caldwell C.
1122,Hsiung G.-Y.R.
1123,Mudge B.
1124,Assaly M.
1125,Kertesz A.
1126,Rogers J.
1127,Bernick C.
1128,Munic D.
1129,Kerwin D.
1130,Lipowski K.
1131,Wu C.-K.
1132,Johnson N.
1133,Sadowsky C.
1134,Martinez W.
1135,Villena T.
1136,Turner R.S.
1137,Reynolds B.
1138,Marshall G.
1139,Frey M.
1140,Lane B.
1141,Rosen A.
1142,Tinklenberg J.
1143,Sabbagh M.N.
1144,Belden C.M.
1145,Jacobson S.A.
1146,Sirrel S.A.
1147,Kowall N.W.
1148,Budson A.E.
1149,Norbash A.
1150,Johnson P.L.
1151,Allard J.
1152,Ogrocki P.
1153,Hudson L.
1154,Olichney J.M.
1155,Kittur S.
1156,Lee T.-Y.
1157,Johnson S.C.
1158,Asthana S.
1159,Carlsson C.M.
1160,Preda A.
1161,Nguyen D.
1162,Tariot P.
1163,Reeder S.
1164,Bates V.
1165,Capote H.
1166,Rainka M.
1167,Scharre D.W.
1168,Kataki M.
1169,Adeli A.
1170,Zimmerman E.A.
1171,Celmins D.
1172,Brown A.D.
1173,Blank K.
1174,Anderson K.
1175,Santulli R.B.
1176,Kitzmiller T.J.
1177,Schwartz E.S.
1178,Sink K.M.
1179,Williamson J.D.
1180,Garg P.
1181,Watkins F.
1182,Querfurth H.
1183,Salloway S.
1184,Malloy P.
1185,Correia S.
1186,Rosen H.J.
1187,Miller B.L.
1188,Mintzer J.
1189,Spicer K.
1190,Bachman D.
1191,Finger E.
1192,Pasternak S.
1193,Rachinsky I.
1194,Drost D.
1195,Pomara N.
1196,Hernando R.
1197,Sarrael A.
1198,Schultz S.K.
1199,Boles Ponto L.L.
1200,Shim H.
1201,Smith K.E.
1202,Relkin N.
1203,Chaing G.
1204,Raudin L.
1205,Smith A.
1206,Fargher K.
1207,Raj A.
1208,Davis M.
1209,Morrison R.
1210,Finley S.
1211,Fleischman D.
1212,Arfanakis K.
1213,James O.
1214,Massoglia D.
1215,Fruehling J.J.
1216,Harding S.
1217,Peskind E.
1218,Petrie E.C.
1219,Li G.
1220,Taylor J.L.
1221,Furst A.J.
1222,Barnes D.E.
1223,Cenzer I.S.
1224,Ritchie C.S.
1225,Lee S.J.
1226,Bateman R.J.
1227,De Strooper B.
1228,Lemere C.A.
1229,Windisch M.
1230,Beaton D.
1231,Dunlop J.
1232,Abdi H.
1233,Wang C.
1234,Saito N.
1235,Benedet A.L.
1236,Labbe A.
1237,Lemay P.
1238,Zimmer E.R.
1239,Pascoal T.A.
1240,Leuzy A.
1241,Mathotaarachchi S.
1242,Mohades S.
1243,Shin M.
1244,Dionne-Laporte A.
1245,Beaudry T.
1246,Picard C.
1247,Gauthier S.
1248,Rouleau G.
1249,Rosa-Neto P.
1250,Bernal-Rusiel J.L.
1251,Greve D.N.
1252,Brendel M.
1253,Hogenauer M.
1254,Delker A.
1255,Sauerbeck J.
1256,Bartenstein P.
1257,Seibyl J.
1258,Rominger A.
1259,Baker D.
1260,Ropacki M.T.
1261,Maruff P.
1262,Romano G.
1263,Savage G.
1264,Caroli A.
1265,Frisoni G.B.
1266,Carrillo M.C.
1267,Bain L.J.
1268,Cedazo-Minguez A.
1269,Winblad B.
1270,Chen Z.
1271,Zhong C.
1272,Saharan P.
1273,Chung J.K.
1274,Plitman E.
1275,Nakajima S.
1276,Chow T.W.
1277,Chakravarty M.M.
1278,Caravaggio F.
1279,Gerretsen P.
1280,Brown E.E.
1281,Iwata Y.
1282,Mulsant B.H.
1283,Graff-Guerrero A.
1284,Bobes-Bascaran T.
1285,Hyde T.M.
1286,Kleinman J.E.
1287,Herman M.M.
1288,Chen S.
1289,Sridharan R.
1290,Zee J.
1291,Ou Y.
1292,Shacklett A.
1293,Parmpi P.
1294,Thompson W.K.
1295,Hess C.P.
1296,Hyman B.T.
1297,Petrosyan P.
1298,Liu Z.
1299,Eggert P.
1300,Sung Y.H.
1301,Jiang Z.
1302,Labus J.
1303,Kurth F.
1304,Ashe-McNalley C.
1305,Mayer E.
1306,Vespa P.M.
1307,Van Horn J.D.
1308,Dowling N.M.
1309,Gleason C.E.
1310,Duchesne S.
1311,Crepeault B.
1312,Hudon C.
1313,Dukart J.
1314,Mueller K.
1315,Villringer A.
1316,Kherif F.
1317,Draganski B.
1318,Frackowiak R.
1319,Schroeter M.L.
1320,Sambataro F.
1321,Bertolino A.
1322,Ebbert M.T.W.
1323,Escott-Price V.
1324,Bellenguez C.
1325,Choi S.-H.
1326,Harold D.
1327,Jones L.
1328,Holmans P.
1329,Gerrish A.
1330,Vedernikov A.
1331,Richards A.
1332,DeStefano A.L.
1333,Lambert J.-C.
1334,Ibrahim-Verbaas C.A.
1335,Beecham G.W.
1336,Grenier-Boley B.
1337,Russo G.
1338,Denning N.
1339,Smith A.V.
1340,Chouraki V.
1341,Thomas C.
1342,Arfan Ikram M.
1343,Zelenika D.
1344,Kamatani Y.
1345,Lin C.-F.
1346,Schmidt H.
1347,Kunkle B.W.
1348,Dunstan M.L.
1349,Vronskaya M.
1350,Johnson A.D.
1351,Bihoreau M.-T.
1352,Pasquier F.
1353,Hollingworth P.
1354,Hanon O.
1355,Fitzpatrick A.L.
1356,Buxbaum J.D.
1357,Campion D.
1358,Becker C.B.T.
1359,Gudnason V.
1360,Craig D.
1361,Amin N.
1362,Berr C.
1363,Deramecourt V.
1364,Letenneur L.
1365,Rubinsztein D.C.
1366,Eiriksdottir G.
1367,Sleegers K.
1368,Fievet N.
1369,Gill M.
1370,Brown K.
1371,Kamboh M.I.
1372,Keller L.
1373,Barberger-Gateau P.
1374,Larson E.B.
1375,Dufouil C.
1376,Wallon D.
1377,Love S.
1378,Rogaeva E.
1379,Gallacher J.
1380,St. George-Hyslop P.H.
1381,Clarimon J.
1382,Lleo A.
1383,Bayer A.
1384,Tsuang D.W.
1385,Bossu P.
1386,Spalletta G.
1387,Collinge J.
1388,Sorbi S.
1389,Sanchez Garcia F.
1390,Naranjo M.C.D.
1391,Bosco P.
1392,Clarke R.
1393,Galimberti D.
1394,Scarpini E.
1395,Bonuccelli U.
1396,Mancuso M.
1397,Siciliano G.
1398,Moebus S.
1399,Del Zompo M.
1400,Maier W.
1401,Pilotto A.
1402,Frank-Garcia A.
1403,Panza F.
1404,Solfrizzi V.
1405,Caffarra P.
1406,Nacmias B.
1407,Perry W.
1408,Mayhaus M.
1409,Lannfelt L.
1410,Pichler S.
1411,Carrasquillo M.M.
1412,Ingelsson M.
1413,Beekly D.
1414,Alvarez V.
1415,Zou F.
1416,Valladares O.
1417,Younkin S.G.
1418,Coto E.
1419,Hamilton-Nelson K.L.
1420,Gu W.
1421,Mateo I.
1422,Owen M.J.
1423,Jonsson P.V.
1424,Combarros O.
1425,O'Donovan M.C.
1426,Cantwell L.B.
1427,Blacker D.
1428,Mead S.
1429,Mosley Jr. T.H.
1430,Harris T.B.
1431,Fratiglioni L.
1432,Holmes C.
1433,De Bruijn R.F.A.G.
1434,Bettens K.
1435,Rotter J.I.
1436,Brice A.
1437,Morgan K.
1438,Kukull W.A.
1439,Hannequin D.
1440,Ritchie K.
1441,Boerwinkle E.
1442,Riemenschneider M.
1443,Hiltunen M.
1444,Martin E.R.
1445,Schmidt R.
1446,Dartigues J.-F.
1447,Tzourio C.
1448,Hofman A.
1449,Nothen M.M.
1450,Graff C.
1451,Psaty B.M.
1452,Haines J.L.
1453,Pericak-Vance M.A.
1454,Launer L.J.
1455,Van Broeckhoven C.
1456,Van Duijn C.M.
1457,Seshadri S.
1458,Amouyel P.
1459,Grinberg L.T.
1460,Amaro E.
1461,Fan Z.
1462,Pasqualetti G.
1463,Brooks D.J.
1464,Edison P.
1465,Granberg T.
1466,Lindberg O.
1467,Fiot J.-B.
1468,Fripp J.
1469,Cohen D.
1470,Fowler K.D.
1471,Funt J.M.
1472,Artyomov M.N.
1473,Zeskind B.
1474,Kolitz S.E.
1475,Towfic F.
1476,Franklin E.E.
1477,Vincent B.
1478,Baxter M.
1479,Wang S.
1480,Degenhardt E.K.
1481,Hartley D.
1482,Blumenthal T.
1483,DiPaolo G.
1484,Esralew L.
1485,Gardiner K.
1486,Granholm A.-C.
1487,Iqbal K.
1488,Krams M.
1489,Lott I.
1490,Mobley W.
1491,Ness S.
1492,Nixon R.
1493,Potter H.
1494,Reeves R.
1495,Silverman W.
1496,Tycko B.
1497,Whitten M.
1498,Wisniewski T.
1499,Mezher A.
1500,Huang J.
1501,Cai W.
1502,Huang M.
1503,Huang C.
1504,Yu Y.
1505,Knickmeyer R.C.
1506,Feng Q.
1507,Lazaris A.S.
1508,Eastman J.A.
1509,Clegg S.
1510,Ching C.
1511,Fjell A.M.
1512,Insel P.
1513,Krueger G.
1514,Maillard P.
1515,Malone I.B.
1516,Simonson A.
1517,Rettmann D.
1518,Walhovd K.
1519,Zhao Y.
1520,Zuk S.
1521,Preboske G.M.
1522,Carmichael O.W.
1523,Lowe V.
1524,Gregg B.E.
1525,Jiang S.
1526,Yang W.
1527,Qiu Y.
1528,Chen H.-Z.
1529,Kadio?lu O.
1530,Ustunkar G.
1531,Son Y.A.
1532,Kang J.-H.
1533,Waligorska T.
1534,Brylska M.
1535,Fields L.
1536,Shah N.
1537,Doyle O.
1538,Sattlecker M.
1539,Giampietro V.
1540,Kim A.
1541,Benzinger T.L.S.
1542,Head D.
1543,Kim J.
1544,Kochunov P.
1545,Winkler A.M.
1546,Hong E.L.
1547,Holcomb H.H.
1548,Curran J.E.
1549,Carless M.A.
1550,Olvera R.L.
1551,Johnson M.P.
1552,Cole S.A.
1553,Kochunov V.
1554,Kent J.
1555,Blangero J.
1556,Kong D.
1557,Lin W.
1558,Lee E.
1559,Fan Y.
1560,Fero A.
1561,Baker S.L.
1562,Lu M.
1563,Joshi A.D.
1564,Pontecorvo M.
1565,Brunden K.R.
1566,Hutton M.
1567,Leung Y.Y.
1568,Nefedov A.
1569,Polikar R.
1570,Baek Y.
1571,Deerlin V.V.
1572,Kling M.A.
1573,Mailman M.
1574,Wittenberg G.M.
1575,Li H.
1576,Gong P.
1577,Zhang C.
1578,Zhang Q.
1579,Chen F.
1580,Feng W.
1581,Liang H.
1582,Li J.-Q.
1583,Sun F.-R.
1584,Tan C.-C.
1585,Li Q.S.
1586,Lin J.-A.
1587,Mihye A.
1588,Sun W.
1589,Lin K.A.
1590,Rathakrishnan B.G.
1591,Marks D.M.
1592,Lista S.
1593,Molinuevo J.L.
1594,Cavedo E.
1595,Rami L.
1596,Garaci F.
1597,Toschi N.
1598,Habert M.-O.
1599,Johnson L.
1600,Galluzzi S.
1601,Bokde A.L.W.
1602,Broich K.
1603,Herholz K.
1604,Bakardjian H.
1605,Dubois B.
1606,Steeg G.V.
1607,Galstyan A.
1608,Trevino V.
1609,McKenna F.
1610,Koo B.-B.
1611,Amariglio R.E.
1612,Morris J.K.
1613,Albin R.L.
1614,Atwood C.S.
1615,Barmada M.M.
1616,Barnes L.L.
1617,Beach T.G.
1618,Bigio E.H.
1619,Bird T.D.
1620,Bowen J.D.
1621,Boxer A.
1622,Burke J.R.
1623,Cao C.
1624,Carlson C.S.
1625,Carney R.M.
1626,Carroll S.L.
1627,Chui H.C.
1628,Cribbs D.H.
1629,Crocco E.A.
1630,Demirci F.Y.
1631,Dick M.
1632,Dickson D.W.
1633,Fallon K.B.
1634,Ferris S.
1635,Frosch M.P.
1636,Gearing M.
1637,Geschwind D.H.
1638,Gilbert J.R.
1639,Glass J.D.
1640,Growdon J.H.
1641,Hamilton R.L.
1642,Harrell L.E.
1643,Head E.
1644,Hulette C.M.
1645,Jarvik G.P.
1646,Jicha G.A.
1647,Jin L.-W.
1648,Karydas A.
1649,Kim R.
1650,Kramer J.H.
1651,LaFerla F.M.
1652,Leverenz J.B.
1653,Lieberman A.P.
1654,Mack W.J.
1655,Martiniuk F.
1656,Mash D.C.
1657,Masliah E.
1658,McCormick W.C.
1659,McCurry S.M.
1660,McDavid A.N.
1661,McKee A.C.
1662,Miller C.A.
1663,Miller J.W.
1664,Murrell J.R.
1665,Parisi J.E.
1666,Partch A.
1667,Paulson H.L.
1668,Pierce A.
1669,Poon W.W.
1670,Raskind M.
1671,Reisberg B.
1672,Rosenberg R.N.
1673,Sager M.A.
1674,Sano M.
1675,Seeley W.W.
1676,Sonnen J.A.
1677,Spina S.
1678,George-Hyslop P.St.
1679,Stern R.A.
1680,Tanzi R.E.
1681,Troncoso J.C.
1682,Van Eldik L.J.
1683,Vinters H.V.
1684,Vonsattel J.P.
1685,Weintraub S.
1686,Wishnek S.
1687,Woltjer R.L.
1688,Wright C.B.
1689,Yu C.-E.
1690,Park Y.S.
1691,Rajbhandary R.A.
1692,Kramer P.L.
1693,DeKosky S.T.
1694,Ganguli M.
1695,Koo E.H.
1696,Marsel M.
1697,Henschel R.
1698,Tavares M.C.
1699,Bharthur A.
1700,Ortiz A.
1701,Moreno-Estevez M.
1702,Gorriz J.M.
1703,Ramirez J.
1704,Garcia-Tarifa M.J.
1705,Munilla J.
1706,Haba N.
1707,Park M.H.
1708,Han C.
1709,Printy B.P.
1710,Verma N.
1711,Cowperthwaite M.C.
1712,Markey M.K.
1713,Li L.
1714,Zhou T.-Y.
1715,Lu W.
1716,LoCastro E.
1717,Kuceyeski A.
1718,Rimajova M.
1719,Bourgeat P.
1720,Pike K.E.
1721,Tochon-Danguy H.
1722,Morandeau L.
1723,O'Keefe G.
1724,Price R.
1725,Raniga P.
1726,Robins P.
1727,Acosta O.
1728,Lenzo N.
1729,Martins R.
1730,Rueda A.D.
1731,Lau K.M.
1732,Farias S.T.
1733,Sampedro F.
1734,Vilaplana E.
1735,Alcolea D.
1736,Pegueroles J.
1737,Montal V.
1738,Carmona-Iragui M.
1739,Sala I.
1740,Sanchez-Saudinos M.-B.
1741,Anton-Aguirre S.
1742,Morenas-Rodriguez E.
1743,Camacho V.
1744,Falcon C.
1745,Pavia J.
1746,Ros D.
1747,Blesa R.
1748,Fortea J.
1749,Yao X.
1750,Sarwar N.
1751,Kaddurah-Daouk R.
1752,Chiao P.
1753,Klein G.
1754,Matthews D.
1755,Thurfjell L.
1756,Cole P.E.
1757,Margolin R.
1758,Mason N.S.
1759,Suhy J.
1760,Schreiber S.
1761,Schreiber F.
1762,Scott J.A.
1763,Sun J.-H.
1764,Yu W.-J.
1765,Bjerke M.
1766,Zimmerman M.E.
1767,Hamilton J.L.
1768,Brickman A.M.
1769,Tsao S.
1770,Gajawelli N.
1771,Wang W.
1772,Mandel J.
1773,Bouaziz J.
1774,Commenges D.
1775,Nabirotchkine S.
1776,Chumakov I.
1777,Guedj M.
1778,Cedarbaum J.
1779,Luthman J.
1780,Yang T.
1781,Wang J.
1782,Sun Q.
1783,Liu L.
1784,Yasar S.
1785,Xia J.
1786,Yao W.
1787,Furberg C.D.
1788,Xue Q.-L.
1789,Mercado C.I.
1790,Fried L.P.
1791,Kawas C.H.
1792,Carlson M.C.
1793,Lu H.
1794,Ziegler G.
1795,Penny W.D.
1796,Ridgway G.R.
1797,Friston K.J.
1798,Zieselman A.L.
1799,Hu T.
1800,Andrews P.C.
1801,Greene C.S.