1,Alzheimer's disease
2,Cardiovascular disease
3,Imaging genetics
4,Interaction
5,Kernel machines
6,Brain
7,Large brain datasets
8,Morphological heritability
9,Subject identification
10,Amyloid
11,Biomarker
12,CSF
13,PET
14,Accelerated acquisition
15,Boundary shift integral
16,Atrophy
17,Non-accelerated acquisition
18,ADNI
19,EPHA1
20,Neuroimaging
21,GWAS
22,Quantitative trait
23,MRI
24,MCI
25,Early-onset Alzheimer's disease
26,Genetics
27,Cognition
28,Cortical
29,Folate
30,Grey matter
31,Homocysteine
32,Surface area
33,Thickness
34,Vitamin B
35,Volume
36,Hyperbolic ricci flow
37,TBM
38,Distance covariance
39,Local false discovery rate
40,Multivariate
41,Positive false discovery rate
42,Brain connectivity
43,DTI
44,Graph
45,Small worldness
46,Tractography
47,White matter
48,Confounding
49,Hilbert-Schmidt independence criterion
50,Permutation test
51,Classification
52,Maximum flow
53,Network measures
54,Ranking
55,Sensitivity
56,Specificity
57,SVM
58,Endophenotype
59,SNP
60,SORL1
61,Drug trial enrichment
62,Longitudinal studies
63,Scan acceleration
64,Serial list-learning
65,ANGPT4
66,Depressive symptoms
67,GRM7
68,GSK3
69,MAPK-ERK
70,APOE
71,High angular resolution diffusion imaging (HARDI) tractography
72,Regression
73,DAT1
74,Dementia
75,DRD2
76,Ventricular expansion
77,Clinical trials
78,AV45
79,Statistical power
80,Epistasis
81,Sure independence
82,Drug trial
83,Lateral ventricles
84,Linear discriminant analysis
85,Machine learning
86,Shape analysis
87,Fiber tract modeling
88,Computer-assisted diagnosis
89,Diffusion MRI
90,GLRAM
91,Principal component analysis (PCA)
92,Temporal lobe
93,Visual rating scales
94,Pathway
95,Prediction
96,Correlated phenotypes
97,Hippocampus
98,Aging
99,Block-wise missing data
100,Multi-modal fusion
101,Multi-source data
102,Optimization
103,Freesurfer
104,Optimized Potentials for Liquid Simulations (OPLS)
105,ASPU test
106,Generalized estimating equations (GEE)
107,Score test
108,Sum of powered score (SPU) test
109,Marginal modelling
110,Sandwich Estimator
111,DHA
112,Omega-3
113,Structural MRI
114,brain proteome
115,heart-type fatty acid binding protein
116,Conversion
117,Progression
118,BCHE
119,AddNeuroMed
120,Genes
121,Resilience
122,Imbalanced data
123,Oversampling
124,Undersampling
125,Tissue contrast
126,Data mining
127,Decision support techniques
128,Early diagnosis
129,Leptin
130,Multivariate TBM
131,FDG
132,PiB PET
133,Cancer
134,Inverse association
135,Education
136,Posttraumatic stress disorder
137,Traumatic brain injury
138,Veterans
139,Association study
140,MAPT
141,PPP3R1
142,Rate of progression
143,Modality integration
144,Disease progression
145,Event-based model
146,Data reduction
147,ADAS
148,Alzheimer's Disease Cooperative Study
149,Plasma
150,Ventricular volume
151,High dimension
152,Markov chain Monte Carlo
153,inositol
154,metabolic connectivity
155,Disease diagnosis biomarker discovery
156,Polypharmacy
157,Protein biomarkers
158,Cholinergic basal forebrain
159,Cytoarchitectonic
160,Nucleus basalis Meynert
161,Substantia innominata
162,Voxelwise
163,Agreement
164,Diagnosis
165,Drug addiction
166,Neurodegeneration
167,Opiates
168,Mutation
169,TREM2
170,Variant
171,VBM
172,Clustering
173,Decision rules
174,Neuropsychology
175,Computer Aided Diagnosis (CAD)
176,Multi-centre study
177,Random forest
178,Morphometry
179,Mitochondria
180,OXPHOS
181,Stroke
182,Environmental
183,Late-onset Alzheimer's disease
184,Mediated pleiotropy
185,Diabetes
186,Hypertension
187,Ethics
188,Prevention
189,Treatment
190,Bayesian network
191,EMCI
192,Microhemorrhage
193,Superficial siderosis
194,Agitation and aggression
195,Frontolimbic
196,Salience network
197,Head circumference
198,Intracranial volume
199,Conformal representation
200,Nonlinear image registration
201,Surface conformal parameterization
202,Surface fluid registration
203,Disability
204,Subsyndromal depression
205,Subthreshold depression
206,Alpha-Synuclein
207,CNV
208,NGS
209,Correlated Marker Selection
210,Bayesian Models
211,Probabilistic Graphical Model
212,Variational Inference
213,CARD1
214,PARP1
215,whole exome sequencing
216,Gaussian process
217,Multimodality
218,Probabilistic classification
219,risk
220,Multimodal
221,CR1
222,Cost
223,personalization
224,Enrichment analysis
225,Predementia
226,Sample size
227,NONMEM
228,Rasgrf2
229,Basal ganglia
230,Drug metabolism
231,Replication
232,Misdiagnosis
233,Composite endpoints
234,Signal-to-noise ratio
235,Bounded outcome
236,Phenotype
237,Psychometrics
238,Cluster size inference
239,GRIN2B
240,Least square kernel machines
241,Nonstationarity
242,Parametric tail approximation
243,Pareto distribution
244,Random field theory
245,Pattern classification
246,Prodromal
247,Amygdala
248,CHRFAM7A
249,IMMP2L
250,NCRAD
251,NIALOAD
252,Lasso
253,MACROD2
254,Cerebral amyloid angiopathy
255,Linkage disequilibrium
256,TOMM4
257,Functional decline
258,population modeling
259,Hereditary
260,Maternal history
261,Laplacian eigenmaps
262,Metadata
263,Independent component analysis (ICA)
264,CETP
265,Cortical thickness
266,Apathy
267,catechol-O-methyltransferase
268,Dopamine
269,Biological anthropology
270,Cortex
271,Craniometry
272,Caudate
273,PDE8B
274,WDR41
275,Meta-analysis
276,Molecular genetics
277,Polymorphism
278,GAB2
279,Pose information
280,Riemannian distance
281,Similarity transformations
282,Natural history
283,CALHM1
284,Activities of daily living
285,Brain-derived neurotrophic factor
286,cerebral metabolic rate for glucose
287,Image segmentation
288,Sex effect
289,BMI
290,Obesity
291,Data management
292,Informatics
293,Automated segmentation
294,Neuroscience
295,Human
296,Prognostic modeling
297,Chi square
298,Correspondence analysis
299,Partial least squares
300,Resampling
301,Subjective memory complaints
302,Linear Mixed Effects models
303,Mass-univariate analysis
304,Statistical analysis
305,Partial volume effect correction
306,Reference region
307,Proteomics
308,Advanced glycation endproducts
309,Apoptosis
310,Autophagy
311,Cerebral hypometabolism
312,Excitotoxicity
313,Glucagon-like peptide-1
314,Insulin resistance
315,Oxidative stress
316,Peroxisome proliferator-activated receptors
317,Thiamine
318,major depression
319,Analysis
320,Big data
321,Computation solutions
322,IBS
323,Pain
324,Parkinson's disease
325,Pipeline
326,Visualization
327,Workflows
328,Parallel process latent growth
329,Structural equation modeling
330,Discrimination
331,Knowledge-based model
332,ADGC
333,CD33
334,CLU
335,MS4A4E
336,Biological activity
337,Computational
338,DBM
339,Drug development
340,Early detection
341,FDA
342,FMRI
343,Neuroanatomy
344,Neuropathology
345,Pre-clinical
346,Pre-dementia
347,Pre-symptomatic
348,Regulatory authorities
349,Staging
350,TSPO
351,Frontotemporal dementia
352,population analysis
353,Autopsy consent
354,Comorbidity
355,Lewy body
356,Pathology heat map
357,Animal models
358,Down syndrome
359,Drug discovery
360,DS-Connect
361,Neuroinflammation
362,Trisomy 21
363,Ts65Dn
364,Workshop
365,Family-wise error rate
366,Heteroscedastic linear model
367,Wild bootstrap
368,Trilinear
369,Perfusion
370,Resting functional MRI
371,0
372,Haplotype
373,Single nucleotide polymorphism
374,Disease-modifying therapy
375,Immunoassay
376,Biased sampling
377,Case-control design
378,Inverse probability weighting
379,SPREG
380,ADAM10
381,QTL
382,RORA
383,Elastic net
384,proportional hazards models
385,Glucose metabolism
386,Adaptive smoothing
387,Candidate genetic mapping
388,Functional-mixed effects models
389,Jumping surface model
390,Likelihood ratio statistic
391,Variance components
392,Gender differences
393,Secondary prevention
394,blood-based biomarkers
395,molecular imaging markers
396,Subjective cognitive decline
397,Cells & molecules
398,Hyperglycemia
399,Mendelian randomization
400,GATK
401,multi-sample variant calling
402,reversion
403,SCD
404,Significant memory concern
405,SMC
406,Daily functioning
407,Everyday function
408,Informant-report
409,Instrumental activities of daily living
410,Self-report
411,Gerotarget
412,Bioethical issues
413,DNA
414,Precision medicine
415,RNA
416,Multi-site trials
417,Quantitative analysis
418,Within subject variability
419,FLAIR
420,UNC5C
421,Fused Lasso
422,Multi-task learning
423,PLD3
424,Governance
425,Standardization
426,Lasso Screening
427,Bayesian inference
428,Lifespan brain aging
429,Multi-level models