1,10538119,2015,http://www.scopus.com/inward/record.url?eid=2-s2.0-84925871316&partnerID=40&md5=bf261b9db9c2b58ec5b5dfc30a5522a3,Accelerated vs. unaccelerated serial MRI based TBM-SyN measurements for clinical trials in Alzheimer's disease
2,10538119,2015,http://www.scopus.com/inward/record.url?eid=2-s2.0-84923037429&partnerID=40&md5=37d107fc8360e35ad0f4045aa6269583,A kernel machine method for detecting effects of interaction between multidimensional variable sets: An imaging genetics application
3,10538119,2015,http://www.scopus.com/inward/record.url?eid=2-s2.0-84921847771&partnerID=40&md5=2458d2d019fc503f88592bd288fefc09,BrainPrint: A discriminative characterization of brain morphology
4,14602156,2015,http://www.scopus.com/inward/record.url?eid=2-s2.0-84927957367&partnerID=40&md5=abf0ae56b1d769960cfebbbe575df19d,Independent information from cerebrospinal fluid amyloid-beta and florbetapir imaging in Alzheimer's disease
5,10538119,2015,http://www.scopus.com/inward/record.url?eid=2-s2.0-84917710606&partnerID=40&md5=5055501c62be573bf39d3d53da3344fd,Effects of changing from non-accelerated to accelerated MRI for follow-up in brain atrophy measurement
6,13872877,2015,http://www.scopus.com/inward/record.url?eid=2-s2.0-84920845318&partnerID=40&md5=e6a4efaa6ed7d26c3f4f604a515143ce,"Effect of EPHA1 genetic variation on cerebrospinal fluid and neuroimaging biomarkers in healthy, mild cognitive impairment and Alzheimer's disease cohorts"
7,13872877,2015,http://www.scopus.com/inward/record.url?eid=2-s2.0-84925718534&partnerID=40&md5=606ca7926cf34eff67cfb4455b09dbb4,Linking Genetics of Brain Changes to Alzheimer's Disease: Sparse Whole Genome Association Scan of Regional MRI Volumes in the ADNI and AddNeuroMed Cohorts
8,10512284,2015,http://www.scopus.com/inward/record.url?eid=2-s2.0-84928785601&partnerID=40&md5=f869cf29f10c07c138675e80a6050b8a,Structural Brain Changes in Early-Onset Alzheimer's Disease Subjects Using the LONI Pipeline Environment
9,17383684,2015,http://www.scopus.com/inward/record.url?eid=2-s2.0-84926471732&partnerID=40&md5=578e28cb798d8a717d423f77d414c1b8,Gene interactions and structural brain change in early-onset Alzheimer___s disease subjects using the pipeline environment
10,1974580,2015,http://www.scopus.com/inward/record.url?eid=2-s2.0-84916618689&partnerID=40&md5=8b99a0601966034898061bf8900240c2,Higher homocysteine associated with thinner cortical gray matter in803 participants from the Alzheimer's disease neuroimaging initiative
11,1956108,2015,http://www.scopus.com/inward/record.url?eid=2-s2.0-84927518976&partnerID=40&md5=ed822de407f2846f9908ab14d54a20fb,Comparing 3T and 1.5T MRI for mapping hippocampal atrophy in the Alzheimer's disease neuroimaging initiative
12,10538119,2015,http://www.scopus.com/inward/record.url?eid=2-s2.0-84908368601&partnerID=40&md5=b1d6c76a26016989eb5706ffe1f24340,Studying ventricular abnormalities in mild cognitive impairment with hyperbolic Ricci flow and tensor-based morphometry
13,14654644,2015,http://www.scopus.com/inward/record.url?eid=2-s2.0-84922550848&partnerID=40&md5=78baef595b1eefe624aa8a2fa5b658f0,Multiple comparison procedures for neuroimaging genomewide association studies
14,1974580,2015,http://www.scopus.com/inward/record.url?eid=2-s2.0-84916602001&partnerID=40&md5=bf8f2c177a39d91d1b2d303612b1bfa4,Connectivity network measures predict volumetric atrophy in mild cognitive impairment
15,0006341X,2015,http://www.scopus.com/inward/record.url?eid=2-s2.0-84928821696&partnerID=40&md5=4c68ca1f88269c24716a70c8cfad2d61,Equivalence of kernel machine regression and kernel distance covariance for multidimensional phenotype association studies
16,1974580,2015,http://www.scopus.com/inward/record.url?eid=2-s2.0-84916608445&partnerID=40&md5=8233d66977a35678d01cdc4432bb2cae,Brain connectivity and novel network measures for Alzheimer's disease classification
17,1974580,2015,http://www.scopus.com/inward/record.url?eid=2-s2.0-84923631414&partnerID=40&md5=a32189f136bcbb3eae080663f060df90,The influence of genetic variants in SORL1 gene on the manifestation of Alzheimer's disease
18,1974580,2015,http://www.scopus.com/inward/record.url?eid=2-s2.0-84916600775&partnerID=40&md5=89f2a6ee39e057c96a259d01f91e7620,Does MRI scan acceleration affect power to track brain change?
19,13872877,2015,http://www.scopus.com/inward/record.url?eid=2-s2.0-84920845138&partnerID=40&md5=4cf0b99c1b57531ee25a60724cae66bf,Subjective memory complaint only relates to verbal episodic memory performance in mild cognitive impairment
20,13872877,2015,http://www.scopus.com/inward/record.url?eid=2-s2.0-84928137988&partnerID=40&md5=5e0ba23ebbc5abe5169dffdc6077bba3,Comprehensive gene- and pathway-based analysis of depressive symptoms in older adults
21,1974580,2015,http://www.scopus.com/inward/record.url?eid=2-s2.0-84916603057&partnerID=40&md5=7e90a845efd2e4193a774bfe5d0e3f5d,Seemingly unrelated regression empowers detection of network failure in dementia
22,283878,2015,http://www.scopus.com/inward/record.url?eid=2-s2.0-84923217304&partnerID=40&md5=f59c55ba9c6ba5d3a6e0cac4e113b2ba,"Brain amyloidosis ascertainment from cognitive, imaging, and peripheral blood protein measures"
23,15525260,2015,http://www.scopus.com/inward/record.url?eid=2-s2.0-84922510879&partnerID=40&md5=5d3b7c36f7f024231b4702d6355247e1,"Carriers of a common variant in the dopamine transporter gene have greater dementia risk, cognitive decline, and faster ventricular expansion"
24,1615505,2015,http://www.scopus.com/inward/record.url?eid=2-s2.0-84928226924&partnerID=40&md5=986239fb24cd271bbd9a78bfa625c7ef,Improved power for characterizing longitudinal amyloid-beta PET changes and evaluating amyloid-modifying treatments with a cerebral white matter reference region
25,1974580,2015,http://www.scopus.com/inward/record.url?eid=2-s2.0-84916618718&partnerID=40&md5=175b839a10a833452a7d2a05cb184867,Genome-wide interaction analysis reveals replicated epistatic effects on brain structure
26,1974580,2015,http://www.scopus.com/inward/record.url?eid=2-s2.0-84916623251&partnerID=40&md5=7ea4380390c0bc4719b6f7069b327ba2,Empowering imaging biomarkers of Alzheimer's disease
27,1974580,2015,http://www.scopus.com/inward/record.url?eid=2-s2.0-84916624486&partnerID=40&md5=cf7e68158956adc2c4c3dc4f156da7d0,Diffusion weighted imaging-based maximum density path analysis and classification of Alzheimer's disease
28,13872877,2015,http://www.scopus.com/inward/record.url?eid=2-s2.0-84920859932&partnerID=40&md5=c8850f79ad03c67be244841eb7fe19f8,Generalizability of the disease state index prediction model for identifying patients progressing from mild cognitive impairment to Alzheimer's disease
29,16634365,2015,http://www.scopus.com/inward/record.url?eid=2-s2.0-84926361767&partnerID=40&md5=ab6d41bf1fd4b44adf625fa659d2b6bc,Comparison of 9 tractography algorithms for detecting abnormal structural brain networks in Alzheimer's disease
30,9546820,2015,http://www.scopus.com/inward/record.url?eid=2-s2.0-84927583860&partnerID=40&md5=e7c5064e4f2bfb7d8e984e3f5ec45fc8,"Practical cut-offs for visual rating scales of medial temporal, frontal and posterior atrophy in Alzheimer's disease and mild cognitive impairment"
31,1974580,2015,http://www.scopus.com/inward/record.url?eid=2-s2.0-84916623265&partnerID=40&md5=cfa2f4d15b085b00ac5a2fd88ed7169d,Mapping ventricular expansion onto cortical gray matter in older adults
32,3645134,2015,http://www.scopus.com/inward/record.url?eid=2-s2.0-84923808526&partnerID=40&md5=8f73e22953c114a5446e20a7b88310e6,Protective variant for hippocampal atrophy identified by whole exome sequencing
33,13872877,2015,http://www.scopus.com/inward/record.url?eid=2-s2.0-84928165465&partnerID=40&md5=e24f383aa68d916be9450840686b3f76,An integrated bioinformatics approach for identifying genetic markers that predict cerebrospinal fluid biomarker p-tau 181 / Amyloid-beta 1-42 ratio in ApoE e4-negative mild cognitive impairment patients
34,16648021,2015,http://www.scopus.com/inward/record.url?eid=2-s2.0-84927516032&partnerID=40&md5=91c40bb9bc419de38dbb58c186a7c7d6,Hippocampal transcriptome-guided genetic analysis of correlated episodic memory phenotypes in Alzheimer's disease
35,1974580,2015,http://www.scopus.com/inward/record.url?eid=2-s2.0-84920495244&partnerID=40&md5=71302f808a43cdaabe3037e6ff0c416a,Variables associated with hippocampal atrophy rate in normal aging and mild cognitive impairment
36,19326203,2014,http://www.scopus.com/inward/record.url?eid=2-s2.0-84915748769&partnerID=40&md5=125bd0a44919a75540ac3413f9a8901f,"Association between NME8 locus polymorphism and cognitive decline, cerebrospinal fluid and neuroimaging biomarkers in Alzheimer's disease"
37,10538119,2014,http://www.scopus.com/inward/record.url?eid=2-s2.0-84908378904&partnerID=40&md5=aee3fb9f0727c8a4f1d28ed81d766070,Bi-level multi-source learning for heterogeneous block-wise missing data
38,8960267,2014,http://www.scopus.com/inward/record.url?eid=2-s2.0-84910052190&partnerID=40&md5=d9471a88fa4fbb3e86e45e94421ea55b,Automated Hippocampal Subfield Measures as Predictors of Conversion from Mild Cognitive Impairment to Alzheimer___s Disease in Two Independent Cohorts
39,19326203,2014,http://www.scopus.com/inward/record.url?eid=2-s2.0-84908174387&partnerID=40&md5=75927820ff7681dc8f74a5324b98c148,Gene-based rare allele analysis identified a risk gene of alzheimer's disease
40,13674803,2014,http://www.scopus.com/inward/record.url?eid=2-s2.0-84907030081&partnerID=40&md5=de6fc800107248e992be5d91dbbccf0b,Transcriptome-guided amyloid imaging genetic analysis via a novel structured sparse learning algorithm
41,19326203,2014,http://www.scopus.com/inward/record.url?eid=2-s2.0-84905472519&partnerID=40&md5=0ec6a77d457b0682dd674d9d6dc6c8bd,Longitudinal analysis is more powerful than cross-sectional analysis in detecting genetic association with neuroimaging phenotypes
42,10538119,2014,http://www.scopus.com/inward/record.url?eid=2-s2.0-84899960213&partnerID=40&md5=1cbf7827cd42a6a01dbddbe21b419a1a,"Testing for association with multiple traits in generalized estimation equations, with application to neuroimaging data"
43,13594184,2014,http://www.scopus.com/inward/record.url?eid=2-s2.0-84904083801&partnerID=40&md5=f48ec7850cd17c092439762cf6042eeb,"HMGCR is a genetic modifier for risk, age of onset and MCI conversion to Alzheimer's disease in a three cohorts study"
44,10538119,2014,http://www.scopus.com/inward/record.url?eid=2-s2.0-84898664663&partnerID=40&md5=4ff53abeb3814136bd3c769bcb52b796,Fast and accurate modelling of longitudinal and repeated measures neuroimaging data
45,17589193,2014,http://www.scopus.com/inward/record.url?eid=2-s2.0-84902702296&partnerID=40&md5=f2be713ed916949097b9586210f492a8,Low levels of cerebrospinal fluid complement 3 and factor H predict faster cognitive decline in mild cognitive impairment
46,15525260,2014,http://www.scopus.com/inward/record.url?eid=2-s2.0-84902237165&partnerID=40&md5=91a7163abc18e72a5b92f38e71d28d6a,Association of fish oil supplement use with preservation of brain volume and cognitive function
47,1974580,2014,http://www.scopus.com/inward/record.url?eid=2-s2.0-84903362288&partnerID=40&md5=c30521b7559cd89f2078e2efc30d12ea,The APOE e4 allele is associated with ventricular expansion rate and surface morphology in dementia and normal aging
48,19326203,2014,http://www.scopus.com/inward/record.url?eid=2-s2.0-84902310908&partnerID=40&md5=af547c3d2240bb8869539911818a683f,APOE e4 is associated with disproportionate progressive hippocampal atrophy in Alzheimer's Disease
49,283878,2014,http://www.scopus.com/inward/record.url?eid=2-s2.0-84902162274&partnerID=40&md5=f4080777fce4b61625c499b27d3ab87d,Amyloid and APOE e4 interact to influence short-term decline in preclinical Alzheimer's Disease
50,63223,2014,http://www.scopus.com/inward/record.url?eid=2-s2.0-84898852630&partnerID=40&md5=8e2e548a4a860c1975525c0fb1d7d771,Phosphorylated tau-Abeta 42 ratio as a continuous trait for biomarker discovery for early-stage Alzheimer's disease in multiplex immunoassay panels of cerebrospinal fluid
51,19326203,2014,http://www.scopus.com/inward/record.url?eid=2-s2.0-84899676806&partnerID=40&md5=068c9bbae18fe0558d19e581ce725e39,Overrepresentation of glutamate signaling in Alzheimer's disease: Network-based pathway enrichment using meta-analysis of genome-wide association studies
52,19326203,2014,http://www.scopus.com/inward/record.url?eid=2-s2.0-84897551235&partnerID=40&md5=b0217d619669d358d1dffcd51e8cff95,Differential white matter connectivity in early mild cognitive impairment according to CSF biomarkers
53,63223,2014,http://www.scopus.com/inward/record.url?eid=2-s2.0-84896330212&partnerID=40&md5=d3b2af13de9567b1d4ae00cf9f2770b6,A focus on structural brain imaging in the Alzheimer's Disease Neuroimaging Initiative
54,19317557,2014,http://www.scopus.com/inward/record.url?eid=2-s2.0-84895933027&partnerID=40&md5=5cfbd1e62e1fa113af18e54722f254c6,Altered regional brain volumes in elderly carriers of a risk variant for drug abuse in the dopamine D2 receptor gene (DRD2)
55,13594184,2014,http://www.scopus.com/inward/record.url?eid=2-s2.0-84894517016&partnerID=40&md5=161f41dfc1da56e521243ebb09b01bde,APOE and BCHE as modulators of cerebral amyloid deposition: A florbetapir PET genome-wide association study
56,1974580,2014,http://www.scopus.com/inward/record.url?eid=2-s2.0-84889575830&partnerID=40&md5=2431d846bb51784563085e14705683e3,Interactions between GSK3beta and amyloid genes explain variance in amyloid burden
57,9546820,2014,http://www.scopus.com/inward/record.url?eid=2-s2.0-84896710271&partnerID=40&md5=cff51767ac7e8dfb9a766302303c1dd2,"Influence of age, disease onset and ApoE e4 on visual medial temporal lobe atrophy cut-offs"
58,1974580,2014,http://www.scopus.com/inward/record.url?eid=2-s2.0-84889600279&partnerID=40&md5=8cf9a165941d416890070689f475f034,Effects of cerebrospinal fluid proteins on brain atrophy rates in cognitively healthy older adults
59,19317557,2014,http://www.scopus.com/inward/record.url?eid=2-s2.0-84894027752&partnerID=40&md5=b8839fa67b9c5d681a10213298b4a4f2,Gene-based GWAS and biological pathway analysis of the resilience of executive functioning
60,10538119,2014,http://www.scopus.com/inward/record.url?eid=2-s2.0-84890913329&partnerID=40&md5=72035bdef2bc20d86577acca5792760b,Analysis of sampling techniques for imbalanced data: An n=648 ADNI study
61,19317557,2014,http://www.scopus.com/inward/record.url?eid=2-s2.0-84893194349&partnerID=40&md5=cf23f76abaa63cc8afae112b19d3cea6,Gray & white matter tissue contrast differentiates Mild Cognitive Impairment converters from non-converters
62,1170229X,2014,http://www.scopus.com/inward/record.url?eid=2-s2.0-84894097377&partnerID=40&md5=c7ac4bd4985eb2b5e6f6bff9c5c1189b,Medication for alzheimer's disease and associated fall hazard: A retrospective cohort study from the alzheimer's disease neuroimaging initiative
63,13872877,2014,http://www.scopus.com/inward/record.url?eid=2-s2.0-84892715790&partnerID=40&md5=2ee03ec10781ed41ea75ef0bb1beb47f,Quantitative evaluation of disease progression in a longitudinal mild cognitive impairment cohort
64,15672050,2014,http://www.scopus.com/inward/record.url?eid=2-s2.0-84897440986&partnerID=40&md5=aecc632682ba128ddcc21abebec6237a,Low plasma leptin in cognitively impaired ADNI subjects: Gender differences and diagnostic and therapeutic potential
65,10659471,2014,http://www.scopus.com/inward/record.url?eid=2-s2.0-84903942060&partnerID=40&md5=5c30c0ddae32dd637742cadc7017ccfd,Genetic influence of APOE E4 genotype on hippocampal morphometry: An N = 725 surface-based Alzheimer's disease neuroimaging initiative study
66,15525260,2014,http://www.scopus.com/inward/record.url?eid=2-s2.0-84927177447&partnerID=40&md5=884e7bb1f5a80dff3331fc5fd0ec65e0,Extension and refinement of the predictive value of different classes of markers in ADNI: Four-year follow-up data
67,14208008,2014,http://www.scopus.com/inward/record.url?eid=2-s2.0-84928047268&partnerID=40&md5=9b3e6031a73caf688f94f4cc60b77da6,Low plasma ApoE levels are associated with smaller hippocampal size in the alzheimer's disease neuroimaging initiative cohort
68,1974580,2014,http://www.scopus.com/inward/record.url?eid=2-s2.0-84885180697&partnerID=40&md5=d659b59d2ba40422a174830d06f0a1d1,Comparison of neuroimaging modalities for the prediction of conversion from mild cognitive impairment to alzheimer's dementia
69,1664042X,2014,http://www.scopus.com/inward/record.url?eid=2-s2.0-84908455564&partnerID=40&md5=32555a20558f06c5e91863206aa9c44c,Association of cancer history with alzheimer's disease onset and structural brain changes
70,1509861,2014,http://www.scopus.com/inward/record.url?eid=2-s2.0-84922014089&partnerID=40&md5=403ce7d32069fd7b177a43393b0ee833,Educational attainment and hippocampal atrophy in the Alzheimer's disease neuroimaging initiative cohort
71,15525260,2014,http://www.scopus.com/inward/record.url?eid=2-s2.0-84902528704&partnerID=40&md5=4e3cef5986c4743556ff7d3ba26e0622,"Effects of traumatic brain injury and posttraumatic stress disorder on Alzheimer's disease in veterans, using the Alzheimer's Disease Neuroimaging Initiative"
72,15525260,2014,http://www.scopus.com/inward/record.url?eid=2-s2.0-84899645164&partnerID=40&md5=75ac4b77f4895b9147cbd1bc4deed2db,Variants in PPP3R1 and MAPT are associated with more rapid functional decline in Alzheimer's disease: The Cache County Dementia Progression Study
73,16634365,2014,http://www.scopus.com/inward/record.url?eid=2-s2.0-84907155856&partnerID=40&md5=849aed3baadd62b353510aaaceb05e68,Integrative analysis of multi-dimensional imaging genomics data for alzheimer's disease prediction
74,68950,2014,http://www.scopus.com/inward/record.url?eid=2-s2.0-84906691088&partnerID=40&md5=a9e5dc0a0f6be0f4c4de984cde345da4,A data-driven model of biomarker changes in sporadic Alzheimer's disease
75,19317557,2014,http://www.scopus.com/inward/record.url?eid=2-s2.0-84899809381&partnerID=40&md5=d8b0c8e43caf0eafaa1a3e4d5118b09b,"Genetic analysis of quantitative phenotypes in AD and MCI: Imaging, cognition and biomarkers"
76,14712105,2014,http://www.scopus.com/inward/record.url?eid=2-s2.0-84907424250&partnerID=40&md5=995b76412a68751d1795dd55030ead26,"Population substructure in Cache County, Utah: the Cache County study."
77,15537390,2014,http://www.scopus.com/inward/record.url?eid=2-s2.0-84908311475&partnerID=40&md5=0847e6b445b4f8aa5957ab7155b655a1,Genome-Wide Association Study of CSF Levels of 59 Alzheimer's Disease Candidate Proteins: Significant Associations with Proteins Involved in Amyloid Processing and Inflammation
78,13594184,2014,http://www.scopus.com/inward/record.url?eid=2-s2.0-84897108729&partnerID=40&md5=8123f1cdecf506e01613c47013c61a3a,A blood-based predictor for neocortical Amyloid-beta burden in Alzheimer's disease: Results from the AIBL study
79,9254927,2014,http://www.scopus.com/inward/record.url?eid=2-s2.0-84907997970&partnerID=40&md5=65ae9bd9ef2548c04c6cb520cf01e693,Prognostic classification of mild cognitive impairment and Alzheimer's disease: MRI independent component analysis
80,15525260,2014,http://www.scopus.com/inward/record.url?eid=2-s2.0-84899621111&partnerID=40&md5=95ef429670e30b0d89ce5491440f40bc,Effect of APOE genotype status on targeted clinical trials outcomes and efficiency in dementia and mild cognitive impairment resulting from Alzheimer's disease
81,16602854,2014,http://www.scopus.com/inward/record.url?eid=2-s2.0-84896900103&partnerID=40&md5=6f9a5617ed1bd7653200588abdd71908,Comparing predictors of conversion to alzheimer's disease using the disease state index
82,2168622X,2014,http://www.scopus.com/inward/record.url?eid=2-s2.0-84907805707&partnerID=40&md5=e2eff4fda8444376011c1d3916d3f20b,APOE genotype and the diagnostic accuracy of cerebrospinal fluid biomarkers for Alzheimer's Disease
83,15525260,2014,http://www.scopus.com/inward/record.url?eid=2-s2.0-84927176584&partnerID=40&md5=919dc7c177663f69200c7fb057a9dc85,Genetic modification of the relationship between phosphorylated tau and neurodegeneration
84,338419,2014,http://www.scopus.com/inward/record.url?eid=2-s2.0-84896946952&partnerID=40&md5=121770defca8810683f78a73fbe0df03,Mapping the effect of the APOE genotype on 4-year atrophy rates in an Alzheimer's Disease related brain network
85,1621459,2014,http://www.scopus.com/inward/record.url?eid=2-s2.0-84907499991&partnerID=40&md5=b1af742e47dc5413946efd05ec2c4063,Bayesian Generalized Low Rank Regression Models for Neuroimaging Phenotypes and Genetic Markers
86,3406717,2014,http://www.scopus.com/inward/record.url?eid=2-s2.0-84891869466&partnerID=40&md5=2df0db069b156b1a5a18887baffa199f,Genetic interactions found between calcium channel genes modulate amyloid load measured by positron emission tomography
87,3029743,2014,http://www.scopus.com/inward/record.url?eid=2-s2.0-84906971918&partnerID=40&md5=d25cf408f5a0f4dc2c5a0c5e5af51467,Identifying genetic associations with MRI-derived measures via tree-guided sparse learning
88,15525260,2014,http://www.scopus.com/inward/record.url?eid=2-s2.0-84891167140&partnerID=40&md5=81f4873fe57acfaf712673e2c10c301b,Association of plasma and cortical Amyloid-beta is modulated by APOE e4 status
89,15525260,2014,http://www.scopus.com/inward/record.url?eid=2-s2.0-84891146110&partnerID=40&md5=5aae1e7959be559eaab440cbef82922f,Genome-wide association study of the rate of cognitive decline in Alzheimer's disease
90,13872877,2014,http://www.scopus.com/inward/record.url?eid=2-s2.0-84887221030&partnerID=40&md5=6c762219a82b879a2a4922d57d0645fb,Genetic interactions within inositol-related pathways are associated with longitudinal changes in ventricle size
91,0271678X,2014,http://www.scopus.com/inward/record.url?eid=2-s2.0-84903774704&partnerID=40&md5=ad42fb991a749b1ceabbcefbee8c812c,Amyloid-beta is associated with aberrant metabolic connectivity in subjects with mild cognitive impairment
92,62952,2014,http://www.scopus.com/inward/record.url?eid=2-s2.0-84892374338&partnerID=40&md5=0551c412602440206bc24520dce63b9a,Biomarkers in pharmacology and drug discovery
93,15525260,2014,http://www.scopus.com/inward/record.url?eid=2-s2.0-84908255498&partnerID=40&md5=f19c6ca758e6a643e0bd531fb153056d,Basal forebrain atrophy and cortical amyloid deposition in nondemented elderly subjects
94,3645134,2014,http://www.scopus.com/inward/record.url?eid=2-s2.0-84899917388&partnerID=40&md5=84b3d609ef60f05bc1563e99b8ee3ada,Sex modifies the APOE-related risk of developing Alzheimer's Disease
95,15525260,2014,http://www.scopus.com/inward/record.url?eid=2-s2.0-84927175331&partnerID=40&md5=f4508f3fa0738707f526d3a5135cfca8,Limited agreement between biomarkers of neuronal injury at different stages of Alzheimer's disease
96,10659471,2014,http://www.scopus.com/inward/record.url?eid=2-s2.0-84896395479&partnerID=40&md5=499f622cfe54007fbd3526db1f05512d,"A commonly carried genetic variant in the delta opioid receptor gene, OPRD1, is associated with smaller regional brain volumes: Replication in elderly and young populations"
97,16322,2014,http://www.scopus.com/inward/record.url?eid=2-s2.0-84899905643&partnerID=40&md5=5f044655c0c2d40e4e3701ba8f4f601a,CSF APOE levels associate with cognitive decline and MRI changes
98,1974580,2014,http://www.scopus.com/inward/record.url?eid=2-s2.0-84911397783&partnerID=40&md5=9ab47518b77afc6e27cf1607282b43db,Frontobasal gray matter loss is associated with the TREM2 p.R47H variant
99,2706474,2014,http://www.scopus.com/inward/record.url?eid=2-s2.0-84899854353&partnerID=40&md5=c8a77ef4180917ced014bbe68996053a,Combined effects of Alzheimer risk variants in the CLU and ApoE genes on ventricular expansion patterns in the elderly
100,13872877,2014,http://www.scopus.com/inward/record.url?eid=2-s2.0-84919917363&partnerID=40&md5=01747e530435b72473de88ff3b78b652,Identifying cost-effective predictive rules of amyloid-beta level by integrating neuropsychological tests and plasma-based markers
101,22131582,2014,http://www.scopus.com/inward/record.url?eid=2-s2.0-84907483443&partnerID=40&md5=a3011ea06aa5eaa5572570342feef50f,Random Forest ensembles for detection and prediction of Alzheimer's disease with a good between-cohort robustness
102,22131582,2014,http://www.scopus.com/inward/record.url?eid=2-s2.0-84896512293&partnerID=40&md5=5e2077eef58b5c3c5b56036885f7125a,ApoE e4 effects on automated diagnostic classifiers for mild cognitive impairment and Alzheimer's disease
103,21686149,2014,http://www.scopus.com/inward/record.url?eid=2-s2.0-84905969638&partnerID=40&md5=a744b579d3d457b8eacea5864f27a54b,The preclinical Alzheimer cognitive composite: Measuring amyloid-related decline
104,1553734X,2014,http://www.scopus.com/inward/record.url?eid=2-s2.0-84912103003&partnerID=40&md5=8b6e95124d5d630e1a0d6765354452d1,Epidemic Spreading Model to Characterize Misfolded Proteins Propagation in Aging and Associated Neurodegenerative Disorders
105,3029743,2014,http://www.scopus.com/inward/record.url?eid=2-s2.0-84906971308&partnerID=40&md5=8229f3358ef934b84500947427964b5f,A novel structure-aware sparse learning algorithm for brain imaging genetics
106,15525260,2014,http://www.scopus.com/inward/record.url?eid=2-s2.0-84899631915&partnerID=40&md5=dcef91b073c313ae9a9882531c879b79,APOE interacts with age to modify rate of decline in cognitive and brain changes in Alzheimer's disease
107,16634365,2014,http://www.scopus.com/inward/record.url?eid=2-s2.0-84904610217&partnerID=40&md5=4c4eb64a3cbf0e0791f16f03c8200409,Genetic variation modifies risk for neurodegeneration based on biomarker status
108,1974580,2014,http://www.scopus.com/inward/record.url?eid=2-s2.0-84899908624&partnerID=40&md5=a040b4a16d96384d15628819193382e0,Genetic variation of oxidative phosphorylation genes in stroke and Alzheimer's disease
109,1974580,2014,http://www.scopus.com/inward/record.url?eid=2-s2.0-84911455173&partnerID=40&md5=bbdf66fa35312074d51ca8fe8bde68ce,Alleles that increase risk for type 2 diabetes mellitus are not associated with increased risk for Alzheimer's disease
110,19326203,2013,http://www.scopus.com/inward/record.url?eid=2-s2.0-84887223586&partnerID=40&md5=beb5c2e65d4471544616c3bd6a3540b8,Mitochondrial haplotypes associated with biomarkers for Alzheimer's disease.
111,28614,2013,http://www.scopus.com/inward/record.url?eid=2-s2.0-84890515024&partnerID=40&md5=475e159234d339ec0511045f8e0c12c6,Cognitive dysfunction and greater visit-to-visit systolic blood pressure variability
112,19326203,2013,http://www.scopus.com/inward/record.url?eid=2-s2.0-84894094478&partnerID=40&md5=d96dcbb640508c09575d83d34595ff9c,Epistatic genetic effects among alzheimer's candidate genes
113,16322,2013,http://www.scopus.com/inward/record.url?eid=2-s2.0-84888201046&partnerID=40&md5=4760f2336dd52f7db783aac007ffa358,Longitudinal change in CSF Tau and Amyloid-beta biomarkers for up to 48 months in ADNI
114,3010082,2013,http://www.scopus.com/inward/record.url?eid=2-s2.0-84886747917&partnerID=40&md5=4bef20652c24126ff5936698a3fff6e7,A conceptual framework and ethics analysis for prevention trials of Alzheimer's Disease
115,3029743,2013,http://www.scopus.com/inward/record.url?eid=2-s2.0-84885943415&partnerID=40&md5=e95017ce0aee4c2efd18694e583b74e6,Exhaustive search of the SNP-SNP interactome identifies epistatic effects on brain volume in two cohorts
116,14712105,2013,http://www.scopus.com/inward/record.url?eid=2-s2.0-84886771360&partnerID=40&md5=be68ea3c224bb13bc7ac8f1052cccc05,Random forests on Hadoop for genome-wide association studies of multivariate neuroimaging phenotypes
117,1628828,2013,http://www.scopus.com/inward/record.url?eid=2-s2.0-84885013182&partnerID=40&md5=b94c02110fc4f5bd51df3c71e4eaeaf3,A sparse structure learning algorithm for Gaussian Bayesian network identification from high-dimensional data
118,15525260,2013,http://www.scopus.com/inward/record.url?eid=2-s2.0-84885607112&partnerID=40&md5=46f33a3c501b50183e11d66e3c657051,Focal hemosiderin deposits and Amyloid-beta load in the ADNI cohort
119,15525260,2013,http://www.scopus.com/inward/record.url?eid=2-s2.0-84885593174&partnerID=40&md5=71e9419025e72fc4dd91a7e064fa6193,Frontolimbic atrophy is associated with agitation and aggression in mild cognitive impairment and Alzheimer's disease
120,8930341,2013,http://www.scopus.com/inward/record.url?eid=2-s2.0-84888133625&partnerID=40&md5=92237d2938299f7483508a0bdd282320,Effect of cognitive reserve markers on alzheimer pathologic progression
121,19326203,2013,http://www.scopus.com/inward/record.url?eid=2-s2.0-84884632174&partnerID=40&md5=bfaed24304aa80ccfc283f7864a3b035,Characterizing the Role of Brain Derived Neurotrophic Factor Genetic Variation in Alzheimer's Disease Neurodegeneration
122,16634365,2013,http://www.scopus.com/inward/record.url?eid=2-s2.0-84883268559&partnerID=40&md5=e820e5ad9307ccc4e27277adf26856e0,The role of APOE genotype in early mild cognitive impairment (E-MCI)
123,15525260,2013,http://www.scopus.com/inward/record.url?eid=2-s2.0-84883552519&partnerID=40&md5=0300848b74058c9b659993ba9193c352,The Alzheimer's Disease Neuroimaging Initiative: A review of papers published since its inception
124,15525260,2013,http://www.scopus.com/inward/record.url?eid=2-s2.0-84883552052&partnerID=40&md5=2f1ce1e59e921f25c849f88e908ab2d2,Brain size and the compensation of Alzheimer's disease symptoms: A longitudinal cohort study
125,16197070,2013,http://www.scopus.com/inward/record.url?eid=2-s2.0-84881670522&partnerID=40&md5=6c98e6bd8db42ac625ec60dcbec34831,Automated analysis of FDG PET as a tool for single-subject probabilistic prediction and detection of Alzheimer's disease dementia
126,10538119,2013,http://www.scopus.com/inward/record.url?eid=2-s2.0-84877086364&partnerID=40&md5=9e585a830f6c747dc07f3ebd6722eae6,Surface fluid registration of conformal representation: Application to detect disease burden and genetic influence on hippocampus
127,10647481,2013,http://www.scopus.com/inward/record.url?eid=2-s2.0-84884587956&partnerID=40&md5=5e8abafa6bf180e7874f156fa39e89a5,The effect of subsyndromal symptoms of depression and white matter lesions on disability for individuals with mild cognitive impairment
128,10538119,2013,http://www.scopus.com/inward/record.url?eid=2-s2.0-84877910278&partnerID=40&md5=1d4aa398a6f26d8657bbd21523267d34,"Mapping the effects of ApoE e4, age and cognitive status on 18F-florbetapir PET measured regional cortical patterns of Amyloid-beta density and growth"
129,1615505,2013,http://www.scopus.com/inward/record.url?eid=2-s2.0-84886913650&partnerID=40&md5=1b2be852a819e52f9650831894041d0c,Longitudinal progression of cognitive decline correlates with changes in the spatial pattern of brain 18F-FDG PET
130,19326203,2013,http://www.scopus.com/inward/record.url?eid=2-s2.0-84883193582&partnerID=40&md5=53e800d12957f8e6fd116927d937a52a,Mapping the Genetic Variation of Regional Brain Volumes as Explained by All Common SNPs from the ADNI Study
131,13872877,2013,http://www.scopus.com/inward/record.url?eid=2-s2.0-84881424881&partnerID=40&md5=2cc499144f4f081f107b5a0e6cc18d35,alpha-synuclein in cerebrospinal fluid of Alzheimer's disease and mild cognitive impairment
132,8887543,2013,http://www.scopus.com/inward/record.url?eid=2-s2.0-84880940954&partnerID=40&md5=87e9ccd86a8783897053d91f0d6ebb00,Increased CNV-Region deletions in mild cognitive impairment (MCI) and Alzheimer's disease (AD) subjects in the ADNI sample
133,3645134,2013,http://www.scopus.com/inward/record.url?eid=2-s2.0-84884139365&partnerID=40&md5=a6c84e419faf4a29d7bab153da7a7403,Mild cognitive impairment due to Alzheimer's Disease in the community
134,3645134,2013,http://www.scopus.com/inward/record.url?eid=2-s2.0-84884902857&partnerID=40&md5=934dbd9f2f58c9934e77073d5069a750,Neuroimaging predictors of brain amyloidosis in mild cognitive impairment
135,15537390,2013,http://www.scopus.com/inward/record.url?eid=2-s2.0-84884647935&partnerID=40&md5=2ef0fa0599857135ea1da6c08d8320ff,"The PSEN1, p.E318G Variant Increases the Risk of Alzheimer's Disease in APOE e4 Carriers"
136,22131582,2013,http://www.scopus.com/inward/record.url?eid=2-s2.0-84880276343&partnerID=40&md5=7d2fae822cac19771417cca3cb4fe330,Multilocus genetic profiling to empower drug trials and predict brain atrophy
137,19326203,2013,http://www.scopus.com/inward/record.url?eid=2-s2.0-84880709736&partnerID=40&md5=714650c3f0827f4fd7280df6b011fa88,Influence of Genetic Variation on Plasma Protein Levels in Older Adults Using a Multi-Analyte Panel
138,3029743,2013,http://www.scopus.com/inward/record.url?eid=2-s2.0-84879870123&partnerID=40&md5=3fc669495428eba134b20b0805a1f0dd,Structural brain network constrained neuroimaging marker identification for predicting cognitive functions
139,3029743,2013,http://www.scopus.com/inward/record.url?eid=2-s2.0-84879867440&partnerID=40&md5=2cb63aec748a95fa60076c85c31f5245,Joint modeling of imaging and genetics
140,13594184,2013,http://www.scopus.com/inward/record.url?eid=2-s2.0-84879420878&partnerID=40&md5=b0f72618739616a86facd414a9ab2e29,Whole-exome sequencing and imaging genetics identify functional variants for rate of change in hippocampal volume in mild cognitive impairment
141,15461726,2013,http://www.scopus.com/inward/record.url?eid=2-s2.0-84891706947&partnerID=40&md5=ace99eaf22788033c6e22c76369df4c3,CD33 Alzheimer's disease locus: altered monocyte function and amyloid biology.
142,22131582,2013,http://www.scopus.com/inward/record.url?eid=2-s2.0-84879076294&partnerID=40&md5=8af563441c99d6f3767748092631057d,Accurate multimodal probabilistic prediction of conversion to Alzheimer's disease in patients with mild cognitive impairment
143,0277786X,2013,http://www.scopus.com/inward/record.url?eid=2-s2.0-84878410264&partnerID=40&md5=cfd0294a3965adb9790284ab25f24b6b,Improved multimodal biomarkers for Alzheimer's disease and mild cognitive impairment diagnosis - Data from ADNI
144,283878,2013,http://www.scopus.com/inward/record.url?eid=2-s2.0-84879072877&partnerID=40&md5=6078e584e58a0be6a78540f3763a0845,Application of the national institute on aging-alzheimer's association AD criteria to ADNI
145,9401334,2013,http://www.scopus.com/inward/record.url?eid=2-s2.0-84879119142&partnerID=40&md5=4cf2877450ff26eb0b11bcc8eca57b9c,The National Institute on Aging-Alzheimer's Association research criteria for mild cognitive impairment due to Alzheimer's disease: Predicting the outcome
146,1974580,2013,http://www.scopus.com/inward/record.url?eid=2-s2.0-84873438019&partnerID=40&md5=5e0593c84717a9d9fdd1d017b87708fd,Genetic interactions associated with 12-month atrophy in hippocampus and entorhinal cortex in Alzheimer's Disease Neuroimaging Initiative
147,17589193,2013,http://www.scopus.com/inward/record.url?eid=2-s2.0-84876127603&partnerID=40&md5=1996381762da0c2db93bb959f11216b9,Modeling the heterogeneity in risk of progression to Alzheimer's disease across cognitive profiles in mild cognitive impairment
148,19326203,2013,http://www.scopus.com/inward/record.url?eid=2-s2.0-84876278726&partnerID=40&md5=0d9d8b023877f35d7fe699cc1f2afa1b,Prevalence of Alzheimer's Pathologic Endophenotypes in Asymptomatic and Mildly Impaired First-Degree Relatives
149,10538119,2013,http://www.scopus.com/inward/record.url?eid=2-s2.0-84873807104&partnerID=40&md5=46c74ca73cf9316860e0abb32310651e,Maximizing power to track Alzheimer's disease and MCI progression by LDA-based weighting of longitudinal ventricular surface features
150,63223,2013,http://www.scopus.com/inward/record.url?eid=2-s2.0-84873641792&partnerID=40&md5=df3563d3ca7ac392a2ef5780a68e4f07,Effect of complement CR1 on brain amyloid burden during aging and its modification by APOE genotype
151,283878,2013,http://www.scopus.com/inward/record.url?eid=2-s2.0-84875867608&partnerID=40&md5=6daed60a3dfe255d87814887ea82ae4e,Cerebral atrophy in mild cognitive impairment and Alzheimer's Disease: Rates and acceleration
152,19326203,2013,http://www.scopus.com/inward/record.url?eid=2-s2.0-84873690493&partnerID=40&md5=3b2f83a724146f2a0b6ca968a53701cb,Relationship between Plasma Analytes and SPARE-AD Defined Brain Atrophy Patterns in ADNI
153,10538119,2013,http://www.scopus.com/inward/record.url?eid=2-s2.0-84872244006&partnerID=40&md5=752658802934fac46891eefd49c16ae6,Unbiased tensor-based morphometry: Improved robustness and sample size estimates for Alzheimer's disease clinical trials
154,338419,2013,http://www.scopus.com/inward/record.url?eid=2-s2.0-84873361594&partnerID=40&md5=abcd8744863486210668c74e11a01e3c,"Predicting cognitive decline in subjects at risk for Alzheimer's Disease by using combined cerebrospinal fluid, MR imaging, and PET biomarkers"
155,10538119,2013,http://www.scopus.com/inward/record.url?eid=2-s2.0-84868215748&partnerID=40&md5=ab6830c139576e67fc12a6df9ca6d4ac,Random forest-based similarity measures for multi-modal classification of Alzheimer's disease
156,189294,2013,http://www.scopus.com/inward/record.url?eid=2-s2.0-84871813342&partnerID=40&md5=97c0ae34330d43bccc7733392f1977fb,Machine learning-based method for personalized and cost-effective detection of alzheimer's disease
157,1974580,2013,http://www.scopus.com/inward/record.url?eid=2-s2.0-84868150725&partnerID=40&md5=543b675bd64300d94b2182d52e9b71e9,Estimating sample sizes for predementia Alzheimer's trials based on the Alzheimer's Disease Neuroimaging Initiative
158,3065251,2013,http://www.scopus.com/inward/record.url?eid=2-s2.0-84871179111&partnerID=40&md5=b2fe35db3f7c9748ffceea9dcbd404e5,Disease progression model in subjects with mild cognitive impairment from the Alzheimer's disease neuroimaging initiative: CSF biomarkers predict population subtypes
159,223050,2013,http://www.scopus.com/inward/record.url?eid=2-s2.0-84871208261&partnerID=40&md5=a0c71ca034df7575a1ef622e40d22080,Dynamics of brain structure and cognitive function in the Alzheimer's disease neuroimaging initiative
160,16634365,2013,http://www.scopus.com/inward/record.url?eid=2-s2.0-84895809309&partnerID=40&md5=25710848185c3731c2f5d4fa3e083b79,A single nucleotide polymorphism associated with reduced alcohol intake in the RASGRF2 gene predicts larger cortical volumes but faster longitudinal ventricular expansion in the elderly
161,19317557,2013,http://www.scopus.com/inward/record.url?eid=2-s2.0-84876938522&partnerID=40&md5=d1864485c04f56e4772eb9c757a085d5,Genome-wide association identifies genetic variants associated with lentiform nucleus volume in N = 1345 young and elderly subjects
162,15525260,2013,http://www.scopus.com/inward/record.url?eid=2-s2.0-84927173992&partnerID=40&md5=9dcca9cb2818fe1f01b3e7aa41bc625d,Susceptibility of the conventional criteria for mild cognitive impairment to false-positive diagnostic errors
163,15525260,2013,http://www.scopus.com/inward/record.url?eid=2-s2.0-84927177803&partnerID=40&md5=6e7977ab2a7649e7204caf289eff7ea0,Development of a straightforward and sensitive scale for MCI and early AD clinical trials
164,19317557,2012,http://www.scopus.com/inward/record.url?eid=2-s2.0-84871720754&partnerID=40&md5=c7f047db4d8e6f61d88be190e6f0fd0f,Advanced psychometric analysis and the Alzheimer's Disease Neuroimaging Initiative: Reports from the 2011 Friday Harbor conference
165,2706474,2012,http://www.scopus.com/inward/record.url?eid=2-s2.0-84871001204&partnerID=40&md5=c56c9e3a886135fe27cc38768285d63b,"APOE, not fibrillar Amyloid-beta, reduces cerebral glucose metabolism in normal aging"
166,19326203,2012,http://www.scopus.com/inward/record.url?eid=2-s2.0-84871206725&partnerID=40&md5=036ce2dc4f6ec6933921043fb4965076,Genetic Variants in the Fat and Obesity Associated (FTO) Gene and Risk of Alzheimer's Disease
167,19326203,2012,http://www.scopus.com/inward/record.url?eid=2-s2.0-84870806539&partnerID=40&md5=14e48d0cf8987313833f287573c1b7b3,Analysis of Copy Number Variation in Alzheimer's Disease in a Cohort of Clinically Characterized and Neuropathologically Verified Individuals
168,1567567X,2012,http://www.scopus.com/inward/record.url?eid=2-s2.0-84880761663&partnerID=40&md5=83a8e444b6c91feabeb8ea01731a70c6,Modeling of Functional Assessment Questionnaire (FAQ) as continuous bounded data from the ADNI database
169,MICCAI,2012,http://www.scopus.com/inward/record.url?eid=2-s2.0-84872505906&partnerID=40&md5=e9ac77280c66d537058a67deb5a278d0,"Genetic, structural and functional imaging biomarkers for early detection of conversion from MCI to AD."
170,22131582,2012,http://www.scopus.com/inward/record.url?eid=2-s2.0-84871991136&partnerID=40&md5=2027c3e750445cfffb836f9c850a5cdb,"Commonfolate gene variant, MTHFR C677T, is associated with brain structure in two independent cohorts of people with mild cognitive impairment"
171,19317557,2012,http://www.scopus.com/inward/record.url?eid=2-s2.0-84871714261&partnerID=40&md5=395b17542dfc67140287aefa892de1d8,Dysexecutive and amnesic AD subtypes defined by single indicator and modern psychometric approaches: Relationships with SNPs in ADNI
172,10538119,2012,http://www.scopus.com/inward/record.url?eid=2-s2.0-84867345007&partnerID=40&md5=9d5a4d7de11e4aef3b8ee893b83bc852,Identification of gene pathways implicated in Alzheimer's disease using longitudinal imaging phenotypes with sparse regression
173,10538119,2012,http://www.scopus.com/inward/record.url?eid=2-s2.0-84865483187&partnerID=40&md5=4fb5a9cab1b79e632f3071f20542ab81,"Increasing power for voxel-wise genome-wide association studies: The random field theory, least square kernel machines and fast permutation procedures"
174,PRNI,2012,http://www.scopus.com/inward/record.url?eid=2-s2.0-84867802618&partnerID=40&md5=188573a6142faa2796c6c0808a4b5925,A composite multivariate polygenic and neuroimaging score for prediction of conversion to Alzheimer's disease
175,13872877,2012,http://www.scopus.com/inward/record.url?eid=2-s2.0-84867502641&partnerID=40&md5=d704bd36f64d4942264474454e99e2ed,Enriching amnestic mild cognitive impairment populations for clinical trials: Optimal combination of biomarkers to predict conversion to dementia
176,13872877,2012,http://www.scopus.com/inward/record.url?eid=2-s2.0-84866868566&partnerID=40&md5=70e26e090b2f0bb3da5b3d71ad168788,Structural brain alterations before mild cognitive impairment in ADNI: Validation of volume loss in a predefined antero-temporal region
177,15672050,2012,http://www.scopus.com/inward/record.url?eid=2-s2.0-84866687636&partnerID=40&md5=1c1e0b07d28fa771280e881b02e41a4a,Analysis of copy number variation in Alzheimer's disease: The NIALOAD/ NCRAD family study
178,39942,2012,http://www.scopus.com/inward/record.url?eid=2-s2.0-84867340530&partnerID=40&md5=e427f49d2c45179897aee4b6100464c5,Plasma biomarkers associated with the APOE genotype and Alzheimer's Disease
179,39942,2012,http://www.scopus.com/inward/record.url?eid=2-s2.0-84867339786&partnerID=40&md5=f0fb8bf5ff713e9c890235218931fb3f,Blood-based protein biomarkers for diagnosis of Alzheimer's Disease
180,16624548,2012,http://www.scopus.com/inward/record.url?eid=2-s2.0-84866491087&partnerID=40&md5=43f4eb744ca115072b23b544b6231368,Discovery and replication of gene influences on brain structure using LASSO regression
181,19326203,2012,http://www.scopus.com/inward/record.url?eid=2-s2.0-84866665307&partnerID=40&md5=ac530c4ef232f7eaf073423cba7e9516,Plasma Based Markers of [11C] PiB-PET Brain Amyloid Burden
182,13872877,2012,http://www.scopus.com/inward/record.url?eid=2-s2.0-84865581809&partnerID=40&md5=657587732bf2f30379cec3464acaab14,Maternal family history is associated with Alzheimer's disease biomarkers
183,283878,2012,http://www.scopus.com/inward/record.url?eid=2-s2.0-84866106602&partnerID=40&md5=7a36c17b3a83981379ea26b5fb6f0d8a,Plasma multianalyte profiling in mild cognitive impairment and Alzheimer's Disease
184,15446115,2012,http://www.scopus.com/inward/record.url?eid=2-s2.0-84864868742&partnerID=40&md5=baebcaab7d4ea318c9a023aa7f9d3f59,Fast identification of biological pathways associated with a quantitative trait using group lasso with overlaps.
185,19317557,2012,http://www.scopus.com/inward/record.url?eid=2-s2.0-84871715374&partnerID=40&md5=c15930492d3a9e7d1812fba91697e687,"Genome-wide pathway analysis of memory impairment in the Alzheimer's Disease Neuroimaging Initiative (ADNI) cohort implicates gene candidates, canonical pathways, and networks"
186,18684483,2012,http://www.scopus.com/inward/record.url?eid=2-s2.0-84862269849&partnerID=40&md5=2d2b1b18729b4910f8f8cda3810532e2,TOMM40 in Cerebral Amyloid Angiopathy Related Intracerebral Hemorrhage: Comparative Genetic Analysis with Alzheimer's Disease
187,1974580,2012,http://www.scopus.com/inward/record.url?eid=2-s2.0-84861182718&partnerID=40&md5=410c96d7f5e5a180b8c80477a8d3f0f5,Using CSF biomarkers to replicate genetic associations in Alzheimer's disease
188,10647481,2012,http://www.scopus.com/inward/record.url?eid=2-s2.0-84863517777&partnerID=40&md5=4c9b4e8f5e471a777479a323afe0064a,APOE e2 and functional decline in amnestic mild cognitive impairment and Alzheimer's Disease
189,3645134,2012,http://www.scopus.com/inward/record.url?eid=2-s2.0-84864485341&partnerID=40&md5=d0796bc027f15e8e0ff1a9af29da0a67,Multiple loci influencing hippocampal degeneration identified by genome scan
190,39942,2012,http://www.scopus.com/inward/record.url?eid=2-s2.0-84863800101&partnerID=40&md5=75f041c4fcf3d62a7c7f1335790dea2a,Shapes of the trajectories of 5 major biomarkers of Alzheimer's Disease
191,14712377,2012,http://www.scopus.com/inward/record.url?eid=2-s2.0-84862598129&partnerID=40&md5=e7542311d209f858983132d8172a6e93,Sparse learning and stability selection for predicting MCI to AD conversion using baseline ADNI data
192,19317557,2012,http://www.scopus.com/inward/record.url?eid=2-s2.0-84871714036&partnerID=40&md5=d264ab0d1fc7a16ce4d891c533f76b5e,Genetic architecture of resilience of executive functioning
193,1974580,2012,http://www.scopus.com/inward/record.url?eid=2-s2.0-84859496272&partnerID=40&md5=3ad09b2cc28fd9b259e206033c595515,Localized hippocampus measures are associated with Alzheimer pathology and cognition independent of total hippocampal volume
194,13674803,2012,http://www.scopus.com/inward/record.url?eid=2-s2.0-84863509119&partnerID=40&md5=307ca38eb01579be638ba0c1db0725e7,Identifying disease sensitive and quantitative trait-relevant biomarkers from multidimensional heterogeneous imaging genetics data via sparse multimodal multitask learning
195,912700,2012,http://www.scopus.com/inward/record.url?eid=2-s2.0-80055046548&partnerID=40&md5=a5d599b682820d3a17be41f2c8de7bee,An improved model for disease progression in patients from the Alzheimer's disease neuroimaging initiative
196,1974580,2012,http://www.scopus.com/inward/record.url?eid=2-s2.0-84858342948&partnerID=40&md5=a22ad9b8dc958f75b91b29e7cc91f7a6,Effects of ApoE e4 and maternal history of dementia on hippocampal atrophy
197,283878,2012,http://www.scopus.com/inward/record.url?eid=2-s2.0-84860768762&partnerID=40&md5=6c6b7e706564cd3c50faa7400fbe7569,Predicting missing biomarker data in a longitudinal study of Alzheimer's Disease
198,15581497,2012,http://www.scopus.com/inward/record.url?eid=2-s2.0-84871698292&partnerID=40&md5=653ebdc80a0f1ce6b74905d471e9756d,A genome-wide scan for common variants affecting the rate of age-related cognitive decline.
199,13618415,2012,http://www.scopus.com/inward/record.url?eid=2-s2.0-84859428844&partnerID=40&md5=949f61b4e98970d51fad2dc8df259707,Nonlinear dimensionality reduction combining MR imaging with non-imaging information
200,10538119,2012,http://www.scopus.com/inward/record.url?eid=2-s2.0-84862817126&partnerID=40&md5=15117bc1e063a7188dc0fc0b36e103cd,A large scale multivariate parallel ICA method reveals novel imaging-genetic relationships for Alzheimer's disease in the ADNI cohort
201,19326203,2012,http://www.scopus.com/inward/record.url?eid=2-s2.0-84859223046&partnerID=40&md5=29247514ce5ed9a9e8c9560f832256ab,Multivariate protein signatures of pre-clinical alzheimer's disease in the alzheimer's disease neuroimaging initiative (adni) plasma proteome dataset
202,19317557,2012,http://www.scopus.com/inward/record.url?eid=2-s2.0-84857457953&partnerID=40&md5=6dd74703c918c26ee49f1068735e544e,"CETP polymorphisms associate with brain structure, atrophy rate, and Alzheimer's disease risk in an APOE-dependent manner"
203,10538119,2012,http://www.scopus.com/inward/record.url?eid=2-s2.0-84856108049&partnerID=40&md5=3f585c97f3eb5e52302a865de076c423,Sparse reduced-rank regression detects genetic associations with voxel-wise longitudinal phenotypes in Alzheimer's disease
204,19328486,2012,http://www.scopus.com/inward/record.url?eid=2-s2.0-83655161357&partnerID=40&md5=50dc897d028a8144a79fe6a6adc3f7f1,Hippocampal subregions are differentially affected in the progression to Alzheimer's disease
205,13674803,2012,http://www.scopus.com/inward/record.url?eid=2-s2.0-84862970066&partnerID=40&md5=95951ea39d36bd9534a470b2f73b769c,Identifying quantitative trait loci via group-sparse multitask regression and feature selection: An imaging genetics study of the ADNI cohort
206,19326203,2011,http://www.scopus.com/inward/record.url?eid=2-s2.0-82855163989&partnerID=40&md5=7f3da3ee2afbc2a2c987cc7bcf40651b,A blood-based screening tool for Alzheimer's disease that spans serum and plasma: Findings from TARC and ADNI
207,1942597X,2011,http://www.scopus.com/inward/record.url?eid=2-s2.0-84870605493&partnerID=40&md5=f389cdcb34baee3c133823dd3a446af6,The effect of reference panels and software tools on genotype imputation.
208,MICCAI,2011,http://www.scopus.com/inward/record.url?eid=2-s2.0-82255183616&partnerID=40&md5=34b4bb96679852efd2a8189df80e5768,Hippocampal surface mapping of genetic risk factors in AD via sparse learning models.
209,22105727,2011,http://www.scopus.com/inward/record.url?eid=2-s2.0-84865429558&partnerID=40&md5=4d996c2480b05ce6833d1593932012d9,Relationship between CSF biomarkers of Alzheimer's disease and rates of regional cortical thinning in ADNI data
210,13872877,2011,http://www.scopus.com/inward/record.url?eid=2-s2.0-80155161339&partnerID=40&md5=cb667482741baf760d0e93cb52785a54,Lack of association between COMT polymorphisms and apathy in alzheimer's disease
211,19457928,2011,http://www.scopus.com/inward/record.url?eid=2-s2.0-80055032491&partnerID=40&md5=aafa3d0957321ebed4af973a4d22f6b3,"Boosting power to detect genetic associations in imaging using multi-locus, genome-wide scans and ridge regression"
212,19457928,2011,http://www.scopus.com/inward/record.url?eid=2-s2.0-80055062500&partnerID=40&md5=d42f3476d65202a8a44bc004eb66d7d0,"Principal components regression: Multivariate, gene-based tests in imaging genomics"
213,13872877,2011,http://www.scopus.com/inward/record.url?eid=2-s2.0-80055026897&partnerID=40&md5=f4232017ae8a6c0d85ffb1bbfc165cc9,Relationship between CSF biomarkers of Alzheimers disease and rates of regional cortical thinning in ADNI data
214,13594184,2011,http://www.scopus.com/inward/record.url?eid=2-s2.0-80054859873&partnerID=40&md5=d1da5dd28b4bafc4fce2c0530bbc1c7e,Genome-wide association with MRI atrophy measures as a quantitative trait locus for Alzheimer's disease
215,39942,2011,http://www.scopus.com/inward/record.url?eid=2-s2.0-80053924069&partnerID=40&md5=537e4f011ebce6ae979f02f457cea318,Longitudinal change of biomarkers in cognitive decline
216,20900252,2011,http://www.scopus.com/inward/record.url?eid=2-s2.0-80052686733&partnerID=40&md5=11aa5269f9c1d21ff16b3366986b1316,Genomic copy number analysis in Alzheimer's disease and mild cognitive impairment: An ADNI study
217,15652,2011,http://www.scopus.com/inward/record.url?eid=2-s2.0-80051606305&partnerID=40&md5=9d4cbf10ef93102e559098c652240a65,A geographic cline of skull and brain morphology among individuals of european ancestry
218,13594184,2011,http://www.scopus.com/inward/record.url?eid=2-s2.0-80052053808&partnerID=40&md5=9185c52aee8b052e8c7c3abca36f985b,Discovery and replication of dopamine-related gene effects on caudate volume in young and elderly populations (N1198) using genome-wide search
219,15525260,2011,http://www.scopus.com/inward/record.url?eid=2-s2.0-79960752879&partnerID=40&md5=a684432202e092bc8243fef7f7019a6a,Genetic association of complement receptor 1 polymorphism rs3818361 in Alzheimer's disease
220,10538119,2011,http://www.scopus.com/inward/record.url?eid=2-s2.0-79957532269&partnerID=40&md5=72f5ca4e0204c42ef53aab1edf3d32b1,Voxelwise gene-wide association study (vGeneWAS): Multivariate gene-based association testing in 731 elderly subjects
221,10538119,2011,http://www.scopus.com/inward/record.url?eid=2-s2.0-79952070910&partnerID=40&md5=48d3631cd969463281243e332fbf7939,Statistical analysis of relative pose information of subcortical nuclei: Application on ADNI data
222,17589193,2011,http://www.scopus.com/inward/record.url?eid=2-s2.0-79953081756&partnerID=40&md5=b05652b091f738adb43003bccb461e65,For debate: Substituting placebo controls in long-term Alzheimer's prevention trials
223,19326203,2011,http://www.scopus.com/inward/record.url?eid=2-s2.0-79952089521&partnerID=40&md5=afa3c50829251dad6789d282ab5a115d,Meta-analysis for genome-wide association study identifies multiple variants at the BIN1 locus associated with late-onset Alzheimer's disease
224,15525260,2011,http://www.scopus.com/inward/record.url?eid=2-s2.0-79952736780&partnerID=40&md5=010c70fe4ea1113b4348ba9e526e8124,Disease progression model for cognitive deterioration from Alzheimer's Disease Neuroimaging Initiative database
225,10538119,2011,http://www.scopus.com/inward/record.url?eid=2-s2.0-78649688853&partnerID=40&md5=e220d8278b1199cab812c0115264b7dc,False positives in neuroimaging genetics using voxel-based morphometry data
226,283878,2011,http://www.scopus.com/inward/record.url?eid=2-s2.0-78751635081&partnerID=40&md5=76f5ef9fa3ec2d40ac3c8a6dad803cfa,"Genome-wide association study of CSF biomarkers Amyloid-beta 1-42, t-tau, and p-tau 181p in the ADNI cohort"
227,223050,2011,http://www.scopus.com/inward/record.url?eid=2-s2.0-78650445005&partnerID=40&md5=4d5050512064db58febf93068cbf588e,"Dysexecutive versus amnesic phenotypes of very mild Alzheimer's disease are associated with distinct clinical, genetic and cortical thinning characteristics"
228,3645134,2010,http://www.scopus.com/inward/record.url?eid=2-s2.0-78650906323&partnerID=40&md5=198129160a9b3e730eb5721d111f03c2,Increased brain atrophy rates in cognitively normal older adults with low cerebrospinal fluid Amyloid-beta 1-42
229,283878,2010,http://www.scopus.com/inward/record.url?eid=2-s2.0-78649989467&partnerID=40&md5=a6166cece0d20375bc9a8cfe10576812,Hippocampal atrophy rates and CSF biomarkers in elderly APOE e2 normal subjects
230,10538119,2010,http://www.scopus.com/inward/record.url?eid=2-s2.0-77954034488&partnerID=40&md5=3b31629efb6b76d7851079d4481f975b,Whole genome association study of brain-wide imaging phenotypes for identifying quantitative trait loci in MCI and AD: A study of the ADNI cohort
231,10538119,2010,http://www.scopus.com/inward/record.url?eid=2-s2.0-77954918835&partnerID=40&md5=5616402bca602211799d4523e317bf2e,Voxelwise genome-wide association study (vGWAS)
232,14712377,2010,http://www.scopus.com/inward/record.url?eid=2-s2.0-77957597251&partnerID=40&md5=2a1b20495c72c987c45c7558193a39f6,Genome-wide association reveals genetic effects on human Amyloid-beta 42 and tau protein levels in cerebrospinal fluids: A case control study
233,13872877,2010,http://www.scopus.com/inward/record.url?eid=2-s2.0-77957265456&partnerID=40&md5=f67bd3b97c5017028565f5e78291cce8,Validating predicted biological effects of Alzheimer's disease associated SNPs using CSF biomarker levels
234,15525260,2010,http://www.scopus.com/inward/record.url?eid=2-s2.0-77956366828&partnerID=40&md5=1483d0147f4ad21209f5c12f15783afc,"Cerebral atrophy, APOE e4, and rate of decline in everyday function among patients with amnestic mild cognitive impairment"
235,9594965,2010,http://www.scopus.com/inward/record.url?eid=2-s2.0-77955228448&partnerID=40&md5=e87691b943f4df13a5e746d0d9f5138b,Effects of BDNF val66met polymorphism on brain metabolism in alzheimer's disease
236,1974580,2010,http://www.scopus.com/inward/record.url?eid=2-s2.0-77953998854&partnerID=40&md5=ba62839bc160ad9b04cc6246e0ffe812,Longitudinal MRI atrophy biomarkers: Relationship to conversion in the ADNI cohort
237,1974580,2010,http://www.scopus.com/inward/record.url?eid=2-s2.0-77954034861&partnerID=40&md5=80acdd482d80042ea46deb4f326054f3,Association between mitochondrial DNA variations and Alzheimer's disease in the ADNI cohort
238,10538119,2010,http://www.scopus.com/inward/record.url?eid=2-s2.0-77953598998&partnerID=40&md5=34f73666e0bd9230e1585d16e9eec102,Measurement of hippocampal atrophy using 4D graph-cut segmentation: Application to ADNI
239,1974580,2010,http://www.scopus.com/inward/record.url?eid=2-s2.0-77954032616&partnerID=40&md5=a73fd2c818bc615cf33b39afe5b6e697,Boosting power for clinical trials using classifiers based on multiple biomarkers
240,39942,2010,http://www.scopus.com/inward/record.url?eid=2-s2.0-77955453909&partnerID=40&md5=abe8f9857bf6fa34203bb4f4570007b4,Diagnosis-independent Alzheimer's Disease biomarker signature in cognitively normal elderly people
241,1974580,2010,http://www.scopus.com/inward/record.url?eid=2-s2.0-77954033982&partnerID=40&md5=1c5a7cdadba3ee804e4b3009c5dc02d0,3D PIB and CSF biomarker associations with hippocampal atrophy in ADNI subjects
242,1974580,2010,http://www.scopus.com/inward/record.url?eid=2-s2.0-77954007740&partnerID=40&md5=a3b7cac20e08360f504ed9e214170bf4,Sex and age differences in atrophic rates: An ADNI study with n=1368 MRI scans
243,283878,2010,http://www.scopus.com/inward/record.url?eid=2-s2.0-77954981027&partnerID=40&md5=d223d5789a099ca5f4d2ea22aa5a7ac3,Comparing predictors of conversion and decline in mild cognitive impairment
244,13872877,2010,http://www.scopus.com/inward/record.url?eid=2-s2.0-77954491973&partnerID=40&md5=112e37e0a34480a7c9635fa356ad1049,Brain ventricular volume and cerebrospinal fluid biomarkers of alzheimer's disease
245,283878,2010,http://www.scopus.com/inward/record.url?eid=2-s2.0-77954706306&partnerID=40&md5=762c89f306195c44b8ec757e3e8de5ef,"Serial MRI and CSF biomarkers in normal aging, MCI, and AD"
246,278424,2010,http://www.scopus.com/inward/record.url?eid=2-s2.0-77953431148&partnerID=40&md5=433f03695f81d2fbbbc33d57fb06a529,APOE genotype has dissociable effects on memory and attentional-executive network function in Alzheimer's disease
247,39942,2010,http://www.scopus.com/inward/record.url?eid=2-s2.0-77953625064&partnerID=40&md5=c2dba15656976de388bb74fadc5c3573,Genetic variation and neuroimaging measures in Alzheimer's Disease
248,278424,2010,http://www.scopus.com/inward/record.url?eid=2-s2.0-77952340870&partnerID=40&md5=d08613eb426517be8e25dad7ff53dfe9,A commonly carried allele of the obesity-related FTO gene is associated with reduced brain volume in the healthy elderly
249,15525260,2010,http://www.scopus.com/inward/record.url?eid=2-s2.0-77954021537&partnerID=40&md5=6423972d2445377db512208f9dc8c89b,"Alzheimer's Disease Neuroimaging Initiative biomarkers as quantitative phenotypes: Genetics core aims, progress, and plans"
250,15525260,2010,http://www.scopus.com/inward/record.url?eid=2-s2.0-77955486795&partnerID=40&md5=04872e19804d07ed78b94b061ea991ff,The informatics core of the Alzheimer's Disease Neuroimaging Initiative
251,15525260,2010,http://www.scopus.com/inward/record.url?eid=2-s2.0-77955483685&partnerID=40&md5=8b3f8ed38950fee53cc7ea095d06f095,Update on the biomarker core of the Alzheimer's Disease Neuroimaging Initiative subjects
252,3645134,2010,http://www.scopus.com/inward/record.url?eid=2-s2.0-77950545456&partnerID=40&md5=c0bc81e8cc36c9b053b943a5c60fcda5,Effect of APOE on biomarkers of amyloid load and neuronal pathology in Alzheimer's Disease
253,10659471,2009,http://www.scopus.com/inward/record.url?eid=2-s2.0-69249155094&partnerID=40&md5=fefea0801b9d991e898c69b7113e4c10,"Automated 3D mapping of hippocampal atrophy and its clinical correlates in 400 subjects with Alzheimer's disease, mild cognitive impairment, and elderly controls"
254,278424,2009,http://www.scopus.com/inward/record.url?eid=2-s2.0-70349334689&partnerID=40&md5=edce2c4136167665ae87965852c28d95,A common MECP2 haplotype associates with reduced cortical surface area in humans in two independent populations
255,19326203,2009,http://www.scopus.com/inward/record.url?eid=2-s2.0-68449089420&partnerID=40&md5=7b3e7313f3879bccf12a6a582cb60b35,Hippocampal atrophy as a quantitative trait in a genome-wide association study identifying novel susceptibility genes for Alzheimer's Disease
256,15672050,2009,http://www.scopus.com/inward/record.url?eid=2-s2.0-69149094447&partnerID=40&md5=e0e44b38fdb9226580ce7b253b1b8f52,Baseline MRI predictors of conversion from MCI to probable AD in the ADNI cohort
257,10538119,2009,http://www.scopus.com/inward/record.url?eid=2-s2.0-64049115861&partnerID=40&md5=0bf453e2f552419e55cae6adf6d57f63,"Mapping correlations between ventricular expansion and CSF amyloid and tau biomarkers in 240 subjects with Alzheimer's disease, mild cognitive impairment and elderly controls"
258,10538119,2009,http://www.scopus.com/inward/record.url?eid=2-s2.0-62349097513&partnerID=40&md5=50f071d72a1beae8bee42da0bdc3c134,Categorical and correlational analyses of baseline fluorodeoxyglucose positron emission tomography images from the Alzheimer's Disease Neuroimaging Initiative (ADNI)
259,3645134,2009,http://www.scopus.com/inward/record.url?eid=2-s2.0-65249159879&partnerID=40&md5=1722c4ee4acc5a99f6d5fec38fa932cb,Cerebrospinal fluid biomarker signature in alzheimer's disease neuroimaging initiative subjects
260,68950,2009,http://www.scopus.com/inward/record.url?eid=2-s2.0-65249101314&partnerID=40&md5=58a82015c824a0b433f7f29a75335a25,MRI of hippocampal volume loss in early Alzheimers disease in relation to ApoE genotype and biomarkers
261,10538119,2008,http://www.scopus.com/inward/record.url?eid=2-s2.0-54249139075&partnerID=40&md5=660b192f1f4cbe9c76bd6fb7588ffa25,"Tensor-based morphometry as a neuroimaging biomarker for Alzheimer's disease: An MRI study of 676 AD, MCI, and normal subjects"
262,68950,2008,http://www.scopus.com/inward/record.url?eid=2-s2.0-50849121987&partnerID=40&md5=ef9130e8b0f8cfa33cf1b25795df436d,Ventricular enlargement as a possible measure of Alzheimer's disease progression validated using the Alzheimer's disease neuroimaging initiative database
263,14208008,2011,http://www.scopus.com/inward/record.url?eid=2-s2.0-80053906759&partnerID=40&md5=b38a9105c9ec5d0913cb24e0e448d4d0,Impact of SORL1 single nucleotide polymorphisms on Alzheimer's Disease cerebrospinal fluid markers Alzheimer's Disease Neuroimaging Initiative
264,10416102,2015,http://www.scopus.com/inward/record.url?eid=2-s2.0-84950274966&partnerID=40&md5=7e5800c30fd8e3d471175938225ade5a,Large intracranial volume accelerates conversion to dementia in males and APOE 4 non-carriers with mild cognitive impairment
265,3029743,2013,http://www.scopus.com/inward/record.url?eid=2-s2.0-84886857036&partnerID=40&md5=4091e1dda5b409bdfaada4b3bb1b0ab3,Random forest and gene networks for association of SNPs to Alzheimer's disease
266,20411723,2015,http://www.scopus.com/inward/record.url?eid=2-s2.0-84930225631&partnerID=40&md5=2f9e1b2491a68b97f15bf384c70ce79b,Ferritin levels in the cerebrospinal fluid predict Alzheimer's disease outcomes and are regulated by APOE
267,15525260,2014,http://www.scopus.com/inward/record.url?eid=2-s2.0-84927178222&partnerID=40&md5=65aa81a9ca80bb43df25ed658d9ff8c4,A point-based tool to predict conversion from mild cognitive impairment to probable Alzheimer's disease
268,17589193,2011,http://www.scopus.com/inward/record.url?eid=2-s2.0-78651266932&partnerID=40&md5=03a2e4217e7d4629fe4ac757a3922bb7,Autosomal-dominant Alzheimer's disease: A review and proposal for the prevention of Alzheimer's disease
269,1082989X,2015,http://www.scopus.com/inward/record.url?eid=2-s2.0-84951336171&partnerID=40&md5=43338e2349b2cdd42d9d18ba8d25239e,Partial Least Squares Correspondence Analysis: A Framework to Simultaneously Analyze Behavioral and Genetic Data
270,15525260,2015,http://www.scopus.com/inward/record.url?eid=2-s2.0-84937549048&partnerID=40&md5=721f0e896b77127e336d795a44c5174b,"The Alzheimer's Disease Neuroimaging Initiative phase 2: Increasing the length, breadth, and depth of our understanding"
271,17422094,2015,http://www.scopus.com/inward/record.url?eid=2-s2.0-84948951411&partnerID=40&md5=9de65b066f7d48c5f39126a84dacb02b,Epistasis analysis links immune cascades and cerebral amyloidosis
272,10538119,2013,http://www.scopus.com/inward/record.url?eid=2-s2.0-84879346787&partnerID=40&md5=aba991efd9a1d1bc5e66bb7a9e7a6f1d,Spatiotemporal linear mixed effects modeling for the mass-univariate analysis of longitudinal neuroimage data
273,13872877,2014,http://www.scopus.com/inward/record.url?eid=2-s2.0-84940901707&partnerID=40&md5=5b2d276be0d89d9553b2242253c091a4,"Neuropsychological Criteria for Mild Cognitive Impairment Improves Diagnostic Precision, Biomarker Associations, and Progression Rates"
274,10538119,2015,http://www.scopus.com/inward/record.url?eid=2-s2.0-84922264328&partnerID=40&md5=fae927d419f9460c235f5cd0a3340d89,Improved longitudinal [18F]-AV45 amyloid PET by white matter reference and VOI-based partial volume effect correction
275,13872877,2015,http://www.scopus.com/inward/record.url?eid=2-s2.0-84937036549&partnerID=40&md5=51c067dee416b443e0bf28f6c863331f,Novel Statistically-Derived Composite Measures for Assessing the Efficacy of Disease-Modifying Therapies in Prodromal Alzheimer's Disease Trials: An AIBL Study
276,1974580,2010,http://www.scopus.com/inward/record.url?eid=2-s2.0-77954035720&partnerID=40&md5=82413fee44f41b7eeec0480403a92f40,The dynamics of Alzheimer's disease biomarkers in the Alzheimer's Disease Neuroimaging Initiative cohort
277,15525260,2012,http://www.scopus.com/inward/record.url?eid=2-s2.0-84863228137&partnerID=40&md5=f3564fbcdc1b26a6971ec39bcd7fa5de,Worldwide Alzheimer's disease neuroimaging initiative
278,5315565,2010,http://www.scopus.com/inward/record.url?eid=2-s2.0-72149104756&partnerID=40&md5=2ed1c6d01e528269ac7d2d9f76de651a,"Biomarkers for Alzheimer's disease and other forms of dementia: Clinical needs, limitations and future aspects"
279,3010082,2013,http://www.scopus.com/inward/record.url?eid=2-s2.0-84883053304&partnerID=40&md5=4464fb60ab9a9ca1d8d1923ef209041b,Decoding Alzheimer's disease from perturbed cerebral glucose metabolism: Implications for diagnostic and therapeutic strategies
280,1974580,2010,http://www.scopus.com/inward/record.url?eid=2-s2.0-77954025033&partnerID=40&md5=731612fdadca1463503d4697f466c8d9,Ventricular maps in 804 ADNI subjects: Correlations with CSF biomarkers and clinical decline
281,13872877,2015,http://www.scopus.com/inward/record.url?eid=2-s2.0-84925725593&partnerID=40&md5=e4bc14afd2522aba1a086d58ad5dc262,Lifetime History of Depression Predicts Increased Amyloid-beta Accumulation in Patients with Mild Cognitive Impairment
282,22105727,2011,http://www.scopus.com/inward/record.url?eid=2-s2.0-84865409178&partnerID=40&md5=733ea6ee25c480f2344c3bf557efabd6,Cerebrospinal fluid biomarkers of neurodegenerative and ventricular changes in the elderly
283,14765578,2014,http://www.scopus.com/inward/record.url?eid=2-s2.0-84926254510&partnerID=40&md5=9335001f364279b03ea937575975f68f,APOE e2 enhances neuroprotection against Alzheimer's disease through multiple molecular mechanisms
284,3029743,2015,http://www.scopus.com/inward/record.url?eid=2-s2.0-84951835401&partnerID=40&md5=c5e49330aa5677088a983ab35664357f,Predictive modeling of anatomy with genetic and clinical data
285,22131582,2014,http://www.scopus.com/inward/record.url?eid=2-s2.0-84890903550&partnerID=40&md5=750d00abd52d57e91d5fb3d94eeffb9e,"Integration and relative value of biomarkers for prediction of MCI to AD progression: Spatial patterns of brain atrophy, cognitive scores, APOE genotype and CSF biomarkers"
286,21686149,2014,http://www.scopus.com/inward/record.url?eid=2-s2.0-84893870491&partnerID=40&md5=764a2cf99a55a221b1adab1b9edebebc,The role of clusterin in Abeta associated neurodegeneration
287,19317557,2014,http://www.scopus.com/inward/record.url?eid=2-s2.0-84899952512&partnerID=40&md5=322b692b9b06ee15d8564f25cd81adb6,"The perfect neuroimaging-genetics-computation storm: Collision of petabytes of data, millions of hardware devices and thousands of software tools"
288,10538119,2015,http://www.scopus.com/inward/record.url?eid=2-s2.0-84914170392&partnerID=40&md5=dc828908cc63f44c5c4eaf51dfd28514,The mediational effects of FDG hypometabolism on the association between cerebrospinal fluid biomarkers and neurocognitive function
289,3029743,2015,http://www.scopus.com/inward/record.url?eid=2-s2.0-84945908979&partnerID=40&md5=fcf7a9883279e63a19b080f0c83a99af,GN-SCCA: Graphnet based sparse canonical correlation analysis for brain imaging genetics
290,3029743,2010,http://www.scopus.com/inward/record.url?eid=2-s2.0-77951143618&partnerID=40&md5=02ab127e8c8165e53bab8e4935c6c523,Knowledge-based discrimination in Alzheimer's disease
291,22131582,2013,http://www.scopus.com/inward/record.url?eid=2-s2.0-84882809044&partnerID=40&md5=20f338af2b8d5a41187f49e29cce92c4,"Relationship between imaging biomarkers, age, progression and symptom severity in Alzheimer's disease"
292,13872877,2015,http://www.scopus.com/inward/record.url?eid=2-s2.0-84953732362&partnerID=40&md5=2bb0ded22e5857c37180fa9c21f588a1,"Accurate prediction of conversion to Alzheimer's disease using imaging, genetic, and neuropsychological biomarkers"
293,15525260,2015,http://www.scopus.com/inward/record.url?eid=2-s2.0-84949641195&partnerID=40&md5=72cfa626234fd7f583727762d94c9d3b,Interaction between variants in CLU and MS4A4E modulates Alzheimer's disease risk
294,19326203,2014,http://www.scopus.com/inward/record.url?eid=2-s2.0-84903520463&partnerID=40&md5=63e82fb8d591c5af97d92832b421a54b,Gene-wide analysis detects two new susceptibility genes for Alzheimer's disease
295,3010082,2011,http://www.scopus.com/inward/record.url?eid=2-s2.0-82755193710&partnerID=40&md5=eb7c6bd053382e0df10bd34c72e5f512,Staging Alzheimer's disease progression with multimodality neuroimaging
296,1615505,2015,http://www.scopus.com/inward/record.url?eid=2-s2.0-84929462101&partnerID=40&md5=2d75db97bc89085e0462f47809689574,Can studies of neuroinflammation in a TSPO genetic subgroup (HAB or MAB) be applied to the entire AD cohort?
297,9387994,2015,http://www.scopus.com/inward/record.url?eid=2-s2.0-84946781743&partnerID=40&md5=c22ce36b2ca3a198bbbaf92d3e03ed62,"Quantitative validation of a visual rating scale for frontal atrophy: associations with clinical status, APOE e4, CSF biomarkers and cognition"
298,19457928,2012,http://www.scopus.com/inward/record.url?eid=2-s2.0-84864830699&partnerID=40&md5=fed1b6a6b98404f1ab72350599f1ec48,Combining imaging and clinical data in manifold learning: Distance-based and graph-based extensions of Laplacian Eigenmaps
299,20452322,2015,http://www.scopus.com/inward/record.url?eid=2-s2.0-84942284163&partnerID=40&md5=eadf316605f9a1b7bd5246a91ed0be18,Leveraging existing data sets to generate new insights into Alzheimer's disease biology in specific patient subsets
300,15525260,2015,http://www.scopus.com/inward/record.url?eid=2-s2.0-84937568063&partnerID=40&md5=da5936185f018f8fe762be5f3f5523af,"Brain collection, standardized neuropathologic assessment, and comorbidity in Alzheimer's Disease Neuroimaging Initiative 2 participants"
301,15525260,2015,http://www.scopus.com/inward/record.url?eid=2-s2.0-84939269102&partnerID=40&md5=7dbfff6f77ddb448ae9c7d3baeb1ab04,Florbetapir positron emission tomography and cerebrospinal fluid biomarkers
302,15525260,2015,http://www.scopus.com/inward/record.url?eid=2-s2.0-84931070277&partnerID=40&md5=d31eb639c1cb8ce86fc471440efd482c,"Down syndrome and Alzheimer's disease: Common pathways, common goals"
303,19326203,2013,http://www.scopus.com/inward/record.url?eid=2-s2.0-84873553461&partnerID=40&md5=1dee4086578476fb2332368e2ffd11fa,Dissecting the Gene Dose-Effects of the APOE e4 and e2 Alleles on Hippocampal Volumes in Aging and Alzheimer's Disease
304,1974580,2015,http://www.scopus.com/inward/record.url?eid=2-s2.0-84953336433&partnerID=40&md5=3f9c59deff2e1a9318060e35ed2297f2,MRI-based brain atrophy rates in ADNI phase 2: Acceleration and enrichment considerations for clinical trials
305,3029743,2013,http://www.scopus.com/inward/record.url?eid=2-s2.0-84885924846&partnerID=40&md5=5c980f26fc97b988cc980c85f8a410d2,A new sparse simplex model for brain anatomical and genetic network analysis
306,10538119,2015,http://www.scopus.com/inward/record.url?eid=2-s2.0-84940437292&partnerID=40&md5=383f3e188819b27a51ff3afc93beee0c,FVGWAS: Fast voxelwise genome wide association analysis of large-scale imaging genetic data
307,23528729,2015,http://www.scopus.com/inward/record.url?eid=2-s2.0-84938682665&partnerID=40&md5=a6ac733dcffe355d3b9d282c34db1068,Plasma BDNF levels associate with Pittsburgh Compound B binding inthe brain
308,15525260,2015,http://www.scopus.com/inward/record.url?eid=2-s2.0-84920895995&partnerID=40&md5=5a126f1f1d7b3048c89659e718318236,The transitional association between Abeta pathology and regional brain atrophy
309,15525260,2015,http://www.scopus.com/inward/record.url?eid=2-s2.0-84937540367&partnerID=40&md5=10f2f39ff3fba9ffab6c8b8a8645a6e3,Magnetic resonance imaging in Alzheimer's Disease Neuroimaging Initiative 2
310,14744422,2014,http://www.scopus.com/inward/record.url?eid=2-s2.0-84908009018&partnerID=40&md5=daccc7c7d0d4ea62b8513b62453684b1,Age-specific population frequencies of cerebral beta-amyloidosis and neurodegeneration among people with normal cognitive function aged 50-89 years: A cross-sectional study
311,15525260,2010,http://www.scopus.com/inward/record.url?eid=2-s2.0-77954623809&partnerID=40&md5=cd3c2c90f1520464983a85e87a55e786,Update on the Magnetic Resonance Imaging core of the Alzheimer's Disease Neuroimaging Initiative
312,283878,2013,http://www.scopus.com/inward/record.url?eid=2-s2.0-84888228877&partnerID=40&md5=d19a0a3e52868508a96c750ccc132f6f,Amyloid-first and neurodegeneration-first profiles characterize incident amyloid PET positivity
313,15672050,2015,http://www.scopus.com/inward/record.url?eid=2-s2.0-84928981802&partnerID=40&md5=258342df4909ac769345ff31995fad86,Identification of novel quantitative traits-associated susceptibility loci for APOE e4 non-carriers of Alzheimer___s disease
314,hibit,2012,http://www.scopus.com/inward/record.url?eid=2-s2.0-84862734103&partnerID=40&md5=784b842d470f5a4fc8c96c2796dd2358,GWAS with AHP based SNP prioritization approach to identify SNP biomarkers for Alzheimer's disease
315,15525260,2015,http://www.scopus.com/inward/record.url?eid=2-s2.0-84937548717&partnerID=40&md5=ba12b0c5d7070764943b35f1a6718031,The Alzheimer's Disease Neuroimaging Initiative 2 Biomarker Core: A review of progress and plans
316,19326203,2015,http://www.scopus.com/inward/record.url?eid=2-s2.0-84942645695&partnerID=40&md5=2fa8357eadfc7500f2ed4570d1811df3,"A subset of cerebrospinal fluid proteins from a multi-analyte panel associated with brain atrophy, disease classification and prediction in Alzheimer's disease"
317,15307026,2015,http://www.scopus.com/inward/record.url?eid=2-s2.0-84925061040&partnerID=40&md5=315a7fef402cd3b47d8d3e3864b05e0c,Lack of an association of BDNF Val66Met polymorphism and plasma BDNF with hippocampal volume and memory
318,10538119,2015,http://www.scopus.com/inward/record.url?eid=2-s2.0-84938691412&partnerID=40&md5=6c178f08110396fd786e6dafc442dc1b,A cautionary note on using secondary phenotypes in neuroimaging genetic studies
319,16624548,2011,http://www.scopus.com/inward/record.url?eid=2-s2.0-84861880052&partnerID=40&md5=ebbd86a07cc77fde419f628dc7ebf009,Genetic analysis of cortical thickness and fractional anisotropy of water diffusion in the brain
320,19457928,2012,http://www.scopus.com/inward/record.url?eid=2-s2.0-84864857129&partnerID=40&md5=48f2795e955e11e6564a6fe767831629,Predicting temporal lobe volume on MRI from genotypes using L 1-L 2 regularized regression
321,13872877,2015,http://www.scopus.com/inward/record.url?eid=2-s2.0-84934271687&partnerID=40&md5=1bca5f71f279f82bf836ec7968af4fe9,Predicting Alzheimer's disease using combined imaging-whole genome SNP data
322,1615505,2015,http://www.scopus.com/inward/record.url?eid=2-s2.0-84928257011&partnerID=40&md5=bdd04dd85400155316a60fdd6c900a10,Measurement of longitudinal Amyloid-beta change with 18F-florbetapir PET and standardized uptake value ratios
323,3645134,2013,http://www.scopus.com/inward/record.url?eid=2-s2.0-84892918273&partnerID=40&md5=47a1235140cdcbd31a1787d7845b8233,Comparing positron emission tomography imaging and cerebrospinal fluid measurements of Amyloid-beta
324,21571422,2011,http://www.scopus.com/inward/record.url?eid=2-s2.0-84863867694&partnerID=40&md5=357f85af2f48cdc46c5c26a9d07dd669,"Developing therapeutic approaches to tau, selected kinases, and related neuronal protein targets"
325,23528729,2015,http://www.scopus.com/inward/record.url?eid=2-s2.0-84940181687&partnerID=40&md5=1dba48921096f662c34e92db9b3e27fd,Identifying amyloid pathology-related cerebrospinal fluid biomarkers for Alzheimer's disease in a multicohort study
326,19326203,2014,http://www.scopus.com/inward/record.url?eid=2-s2.0-84897372610&partnerID=40&md5=aaab92790aeb6fd1095424107fbe346e,Hierarchical interactions model for predicting Mild Cognitive Impairment (MCI) to Alzheimer's Disease (AD) conversion
327,23146133,2015,http://www.scopus.com/inward/record.url?eid=2-s2.0-84941710808&partnerID=40&md5=6c49d2cbb8b71361e995b968dffb0815,Genetic Interactions Explain Variance in Cingulate Amyloid Burden: An AV-45 PET Genome-Wide Association and Interaction Study in the ADNI Cohort
328,8937648,2016,http://www.scopus.com/inward/record.url?eid=2-s2.0-84953266851&partnerID=40&md5=ce18d77f4390217ba52cb3b9fdafd571,GWAS-Linked Loci and Neuroimaging Measures in Alzheimer___s Disease
329,19326203,2015,http://www.scopus.com/inward/record.url?eid=2-s2.0-84941966266&partnerID=40&md5=73222f55d418dba7faaa8f0fe83b8690,Variations in the FRA10AC1 fragile site and 15q21 are associated with Cerebrospinal fluid Abeta 1-42 level
330,7410395,2014,http://www.scopus.com/inward/record.url?eid=2-s2.0-84911444381&partnerID=40&md5=969e0d6cca0d4396aa810c6186fe9bae,Functional-mixed effects models for candidate genetic mapping in imaging genetic studies
331,23528737,2015,http://www.scopus.com/inward/record.url?eid=2-s2.0-84944207707&partnerID=40&md5=6711633cc2c9d727872e4223802def1c,Marked gender differences in progression of mild cognitive impairment over 8 years
332,13872877,2015,http://www.scopus.com/inward/record.url?eid=2-s2.0-84942894099&partnerID=40&md5=9b3556cfd5c80a8164e97322a9dbf3e4,Evolving Evidence for the Value of Neuroimaging Methods and Biological Markers in Subjects Categorized with Subjective Cognitive Decline
333,8937648,2015,http://www.scopus.com/inward/record.url?eid=2-s2.0-84939864614&partnerID=40&md5=3ff69475dd450c5e99bae703236fec78,Multiple Effect of APOE Genotype on Clinical and Neuroimaging Biomarkers Across Alzheimer___s Disease Spectrum
334,19457928,2015,http://www.scopus.com/inward/record.url?eid=2-s2.0-84944319627&partnerID=40&md5=7271f55d3ca6d6def519cd19b9616ba3,Information-theoretic characterization of blood panel predictors for brain atrophy and cognitive decline in the elderly
335,23146133,2015,http://www.scopus.com/inward/record.url?eid=2-s2.0-84935861155&partnerID=40&md5=2e0b904ed4b07a261d748cd56148c51a,Improved Diagnostic Multimodal Biomarkers for Alzheimer's Disease and Mild Cognitive Impairment
336,21686157,2015,http://www.scopus.com/inward/record.url?eid=2-s2.0-84937541517&partnerID=40&md5=710062695d1d77ed0a5809284f2aa0ec,Predicting Reduction of Cerebrospinal Fluid Amyloid-beta 42 in Cognitively Healthy Controls
337,21686149,2014,http://www.scopus.com/inward/record.url?eid=2-s2.0-84902166338&partnerID=40&md5=3d87009c21106ae152babc2f1bbee827,Emerging Amyloid-beta pathology and accelerated cortical atrophy
338,19317557,2015,http://www.scopus.com/inward/record.url?eid=2-s2.0-84944691467&partnerID=40&md5=8da2bc51e3680116bd4343ce80d32a39,Comparison of ApoE-related brain connectivity differences in early MCI and normal aging populations: an fMRI study
339,13872877,2015,http://www.scopus.com/inward/record.url?eid=2-s2.0-84946058178&partnerID=40&md5=b9f9e8df0c82664b20ab62711be9850c,Structural neuroimaging genetics interactions in Alzheimer's disease
340,21686149,2014,http://www.scopus.com/inward/record.url?eid=2-s2.0-84912064760&partnerID=40&md5=d77339b9fae51b85d9807600ad68855e,Synergistic effect of Amyloid-beta and neurodegeneration on cognitive decline in clinically normal individuals
341,1974580,2014,http://www.scopus.com/inward/record.url?eid=2-s2.0-84889571471&partnerID=40&md5=473826c670d28a9f71f03e3d7ee36cb0,Impaired glycemia increases disease progression in mild cognitive impairment
342,15525260,2015,http://www.scopus.com/inward/record.url?eid=2-s2.0-84952308113&partnerID=40&md5=e4c13e202921132028d3f98417cec684,Genetically predicted body mass index and Alzheimer's disease-related phenotypes in three large samples: Mendelian randomization analyses
343,21686149,2014,http://www.scopus.com/inward/record.url?eid=2-s2.0-84919392782&partnerID=40&md5=e2762871c3a515d9919a44de11889db6,Effects of multiple genetic loci on age at onset in late-onset Alzheimer's Disease: A genome-wide association study
344,23250704,2014,http://www.scopus.com/inward/record.url?eid=2-s2.0-84920124381&partnerID=40&md5=bfc72bc5f9d6c5d9f0e122762a85c857,Comparison of multi-sample variant calling methods for whole genome sequencing
345,3029743,2015,http://www.scopus.com/inward/record.url?eid=2-s2.0-84937409136&partnerID=40&md5=3c0e33258dc0c6d55caa94293632a746,Automated diagnosis of alzheimer's disease by integrating genetic biomarkers and tissue density information
346,10416102,2015,http://www.scopus.com/inward/record.url?eid=2-s2.0-84922223919&partnerID=40&md5=57b3a420e70c9c7fa8527ebedb78b9b7,Is there an MCI reversion to cognitively normal? Analysis of Alzheimer's disease biomarkers profiles
347,embc,2014,http://www.scopus.com/inward/record.url?eid=2-s2.0-84929500966&partnerID=40&md5=550e44bd3ba8d725715511da3e965452,Effects of genetic variation on the dynamics of neurodegeneration in Alzheimer's disease
348,16714083,2014,http://www.scopus.com/inward/record.url?eid=2-s2.0-84906908494&partnerID=40&md5=74808b0a79b366b7eb25cf6ddc8c058c,Alzheimer's disease progression model based on integrated biomarkers and clinical measures
349,22111247,2015,http://www.scopus.com/inward/record.url?eid=2-s2.0-84921417870&partnerID=40&md5=1fda6eab82e20000ec88a62857ebd6f9,Network Diffusion Model of Progression Predicts Longitudinal Patterns of Atrophy and Metabolism in Alzheimer's Disease
350,15525260,2015,http://www.scopus.com/inward/record.url?eid=2-s2.0-84952630386&partnerID=40&md5=d2c9858cd1e68fec1e7257f734987891,APOE effect on Alzheimer's disease biomarkers in older adults with significant memory concern
351,1974580,2010,http://www.scopus.com/inward/record.url?eid=2-s2.0-77954033257&partnerID=40&md5=1c2ad917620edbad940406f6858403ca,"Amyloid imaging results from the Australian Imaging, Biomarkers and Lifestyle (AIBL) study of aging"
352,15525260,2015,http://www.scopus.com/inward/record.url?eid=2-s2.0-84923886641&partnerID=40&md5=ba8a253536bed815f5c29ab50325508e,Self-rated and informant-rated everyday function in comparison to objective markers of Alzheimer's disease
353,19492553,2015,http://www.scopus.com/inward/record.url?eid=2-s2.0-84944463618&partnerID=40&md5=1bebc130fc4cc8f095c0b5bfd3f6ccdf,APOE-by-sex interactions on brain structure and metabolism in healthy elderly controls
354,15525260,2015,http://www.scopus.com/inward/record.url?eid=2-s2.0-84937580795&partnerID=40&md5=5a9ed74ca1e50d64ba282424af165008,"Genetic studies of quantitative MCI and AD phenotypes in ADNI: Progress, opportunities, and plans"
355,15525260,2015,http://www.scopus.com/inward/record.url?eid=2-s2.0-84940064600&partnerID=40&md5=4030a9418e453d3fc45c13d8e70b8e58,The influence of biological and technical factors on quantitative analysis of amyloid PET: Points to consider and recommendations for controlling variability in longitudinal data
356,21686149,2015,http://www.scopus.com/inward/record.url?eid=2-s2.0-84944104375&partnerID=40&md5=8c92eb8eb38b3e2805f681ed85da5d69,Comparison of visual and quantitative florbetapir F 18 positron emission tomography analysis in predicting mild cognitive impairment outcomes
357,16634365,2015,http://www.scopus.com/inward/record.url?eid=2-s2.0-84953874365&partnerID=40&md5=e3153263269745c0931b5d4523d6ff92,Cerebral amyloid and hypertension are independently associated with white matter lesions in elderly
358,8958696,2015,http://www.scopus.com/inward/record.url?eid=2-s2.0-84947425497&partnerID=40&md5=007e39d6f75f1780d4ee3e33c076ce6c,Combined Genome-Wide CSF Amyloid-beta 42's Associations and Simple Network Properties Highlight New Risk Factors for Alzheimer's Disease
359,8937648,2015,http://www.scopus.com/inward/record.url?eid=2-s2.0-84949671468&partnerID=40&md5=be15400a944f94d4d38d97a8a79f42cb,The Impact of UNC5C Genetic Variations on Neuroimaging in Alzheimer___s Disease
360,19317557,2012,http://www.scopus.com/inward/record.url?eid=2-s2.0-84857456402&partnerID=40&md5=2b2a645bb5429812b04d906ca1554047,Amyloid pathway-based candidate gene analysis of [11C] PiB-PET in the Alzheimer's Disease Neuroimaging Initiative (ADNI) cohort
361,15525260,2015,http://www.scopus.com/inward/record.url?eid=2-s2.0-84937573231&partnerID=40&md5=bfa0f76889d5c17b5d78dfd992baf882,The Alzheimer's Disease Neuroimaging Initiative informatics core: A decade in review
362,21686157,2015,http://www.scopus.com/inward/record.url?eid=2-s2.0-84937571101&partnerID=40&md5=1371e45df22a134c670df08a406aae90,Nonlinear Association Between Cerebrospinal Fluid and Florbetapir F-18 Amyloid-beta Measures Across the Spectrum of Alzheimer's Disease
363,15525260,2015,http://www.scopus.com/inward/record.url?eid=2-s2.0-84952630634&partnerID=40&md5=48beee2bc53af6879fef08827d7ac4e6,The effect of white matter hyperintensities on neurodegeneration in mild cognitive impairment
364,16057422,2014,http://www.scopus.com/inward/record.url?eid=2-s2.0-84902095854&partnerID=40&md5=e082f600ae133a607e4176ef804df016,Evaluating the predictive power of multivariate tensor-based morphometry in Alzheimer's disease progression via convex fused sparse group Lasso
365,8937648,2015,http://www.scopus.com/inward/record.url?eid=2-s2.0-84938614054&partnerID=40&md5=638c47a121202244c3732b3a8eb92858,Impact of Common Variations in PLD3 on Neuroimaging Phenotypes in Non-demented Elders
366,19326203,2015,http://www.scopus.com/inward/record.url?eid=2-s2.0-84945577439&partnerID=40&md5=c02b8e8484fc83ade9513f1719d79970,A multi-marker genetic association test based on the rasch model applied to Alzheimer's disease
367,15525260,2015,http://www.scopus.com/inward/record.url?eid=2-s2.0-84937569604&partnerID=40&md5=b1969f897528c66306d2d014bd121d3c,Introduction to special issue: Overview of Alzheimer's Disease Neuroimaging Initiative
368,15525260,2015,http://www.scopus.com/inward/record.url?eid=2-s2.0-84931096931&partnerID=40&md5=f2f920e6431f111aa98f53765f5586ee,2014 Update of the Alzheimer's Disease Neuroimaging Initiative: A review of papers published since its inception
369,19457928,2011,http://www.scopus.com/inward/record.url?eid=2-s2.0-80055039375&partnerID=40&md5=7c4f5eb12f3448ee16b7ba883aa541eb,Manifold learning combining imaging with non-imaging information
370,19457928,2015,http://www.scopus.com/inward/record.url?eid=2-s2.0-84944321509&partnerID=40&md5=75fd0c1f0751e5c8013a956a742c3e1a,Detecting genetic risk factors for Alzheimer's disease in whole genome sequence data via Lasso screening
371,3029743,2015,http://www.scopus.com/inward/record.url?eid=2-s2.0-84945968334&partnerID=40&md5=8f24684640b588a36f864fd6e5c4c1d1,Two-dimensional enrichment analysis for mining high-level imaging genetic associations
372,283878,2013,http://www.scopus.com/inward/record.url?eid=2-s2.0-84884628143&partnerID=40&md5=c1fba1e5e59d8b6e4231a8b0852ed299,Antihypertensive drugs decrease risk of Alzheimer's Disease Ginkgo Evaluation of Memory Study
373,8937648,2016,http://www.scopus.com/inward/record.url?eid=2-s2.0-84953395958&partnerID=40&md5=2cfb7493014b9b9f41326fa822287596,"Effect of CR1 Genetic Variants on Cerebrospinal Fluid and Neuroimaging Biomarkers in Healthy, Mild Cognitive Impairment and Alzheimer's Disease Cohorts"
374,10538119,2015,http://www.scopus.com/inward/record.url?eid=2-s2.0-84938683218&partnerID=40&md5=252b0ba705a707c3f7994a5c01e7f7f3,Estimating anatomical trajectories with Bayesian mixed-effects modeling
375,17560381,2014,http://www.scopus.com/inward/record.url?eid=2-s2.0-84906931034&partnerID=40&md5=9ef80823cb70a7db6c2ba3a8cf335d36,Computational genetics analysis of grey matter density in Alzheimer's disease